BRITANICII,,D MOLAN,7,,1,,Etapa a 3-a,echipa,puncte,,,FC MUMU LU' TALPANU',,L MOLAN,7,,1,,Etapa a 3-a,echipa,puncte,,,,,,,,,,,,,,,,,,,,,,,,,,,,,Restante,Restante
PORTARI,,,,,,,GETAFE,GET,,1,,PORTARI,,,,,,,LIVERPOOL,LIV,,2,,,,,,,,,,,,,,,,,,,,,,,,,,,,,
1,ARSENAL,ARS,1,,,,Gosens,FIO,0,,,1,LIVERPOOL,LIV,2,,,,Munoz,CP,0,,,,,,,,,,,,,,,,,,,,,,,,,,,,,,
2,GETAFE,GET,1,,,,Struijk,LEE,0,,,2,SOCIEDAD,SOC,2,,,,Abdi,NIC,0,,,,,,,,,,,,,,,,,,,,,,,,,,,,,,
FUNDASI,,,,,,,Krejci,WLV,0,,,FUNDASI,,,,,,,Clauss,NIC,0,,,,,,,,,,,,,,,,,,,,,,,,,,,,,,
3,Gosens,FIO,0,,,,Wirtz,LIV,0,,,3,Munoz,CP,0,,,,Schade,BRN,0,,,,,,,,,,,,,,,,,,,,,,,,,,,,,,
4,Struijk,LEE,0,,,,Tillman,BL,0,,,4,Abdi,NIC,0,,,,Kudus,TOT,0,,,,,,,,,,,,,,,,,,,,,,,,,,,,,,
5,Bogle,LEE,0,,,,A Toure,LH,0,,,5,E Garcia,BAR,0,,,,Pulisic,MIL,1,,,,,,,,,,,,,,,,,,,,,,,,,,,,,,
6,Krejci,WLV,0,,,,Stage,WB,0,,,6,Clauss,NIC,0,,,,Mitoma,BRI,0,,,,,,,,,,,,,,,,,,,,,,,,,,,,,,
7,Kehrer,MON,0,,,,Raphinia,BAR,0,,,7,J Tah,BM,2,,,,Watkins,AV,1,,,,,,,,,,,,,,,,,,,,,,,,,,,,,,
MIJLOCASI,,,,,,,Woltemade,NEW,1,,,MIJLOCASI,,,,,,,Salah,LIV,0,,,,,,,,,,,,,,,,,,,,,,,,,,,,,,
8,Wirtz,LIV,0,,,,Moffi,NIC,0,,,8,Pulisic,MIL,1,,,,Biereth,MON,0,,,,,,,,,,,,,,,,,,,,,,,,,,,,,,
9,Tillman,BL,0,,,PUNCTE,6,scor,1,1,,9,Mitoma,BRI,0,,,PUNCTE,6,scor,2,2,,,,,,,,,,,,,,,,,,,,,,,,,,,,,
10,A Toure,LH,0,,,,formula,343,,,,10,Schade,BRN,0,,,,formula,343,,,,,,,,,,,,,,,,,,,,,,,,,,,,,,,
11,D James,LEE,0,,,,,,,,,11,Kudus,TOT,0,,,,,,,,,,,,,,,,,,,,,,,,,,,,,,,,,,,,
12,Stage,WB,0,,,,,,,,,12,Rabiot,MIL,0,,,,,,,,,,,,,,,,,,,,,,,,,,,,,,,,,,,,
13,Soler,SOC,0,,,,,,,,,13,Musiala,BM,0,,,,,,,,,,,,,,,,,,,,,,,,,,,,,,,,,,,,
14,Fleming,BUR,0,,,,,,,,,14,Murphy,NEW,0,,,,,,,,,,,,,,,,,,,,,,,,,,,,,,,,,,,,
ATACANTI,,,,,,,,,,,,ATACANTI,,,,,,,,,,,,,,,,,,,,,,,,,,,,,,,,,,,,,,,
15,Raphinia,BAR,0,,,,,,,,,15,Salah,LIV,0,,,,,,,,,,,,,,,,,,,,,,,,,,,,,,,,,,,,
16,J David,JUV,0,,,,,,,,,16,Watkins,AV,1,,,,,,,,,,,,,,,,,,,,,,,,,,,,,,,,,,,,
17,Woltemade,NEW,1,,,,,,,,,17,Biereth,MON,0,,,,,,,,,,,,,,,,,,,,,,,,,,,,,,,,,,,,
18,Gimenez,MIL,0,,,,,,,,,18,Kalimuendo,NOT,0,,,,,,,,,,,,,,,,,,,,,,,,,,,,,,,,,,,,
19,Moffi,NIC,0,,,,,,,,,19,Beier,DOR,0,,,,,,,,,,,,,,,,,,,,,,,,,,,,,,,,,,,,
20,Delap,CHE,0,,,,,,,,,20,Immobile,BOL,0,,,,,,,,,,,,,,,,,,,,,,,,,,,,,,,,,,,,
,,,,,,,,,,,,,,,,,,,,,,,,,,,,,,,,,,,,,,,,,,,,,,,,,,,
,,,,,,,,,,,,,,,,,,,,,,,,,,,,,,,,,,,,,,,,,,,,,,,,,,,
SLOBOZ,,A COSTEIU,2,,1,,Etapa a 3-a,echipa,puncte,,,THE CRYSTAL SHIP,,C ROSU,9,,3,,Etapa a 3-a,echipa,puncte,,,,,,,,,,,,,,,,,,,,,,,,,,,,,,
PORTARI,,,,,,,FIORENTINA,FIO,,0,,PORTARI,,,,,,,BETIS,BET,,0,,,,,,,,,,,,,,,,,,,,,,,,,,,,,
1,PARIS SG,PSG,0,,,,A Paredes,BIL,0,,,1,ATLETICO M,AM,2,,,,Angelino,ROM,0,,,,,,,,,,,,,,,,,,,,,,,,,,,,,,
2,FIORENTINA,FIO,0,,,,Schlotterbeck,AUG,0,,,2,BETIS,BET,0,,,,Dodo,FIO,0,,,,,,,,,,,,,,,,,,,,,,,,,,,,,,
FUNDASI,,,,,,,Cubarsi,BAR,0,,,FUNDASI,,,,,,,C Augusto,INT,0,,,,,,,,,,,,,,,,,,,,,,,,,,,,,,
3,Schlotterbeck,AUG,0,,,,Reijnders,MC,0,,,3,Angelino,ROM,0,,,,Nebel,MAI,0,,,,,,,,,,,,,,,,,,,,,,,,,,,,,,
4,A Paredes,BIL,0,,,,O'Rilley,OM,0,,,4,Dodo,FIO,0,,,,Lo Celso,BET,0,,,,,,,,,,,,,,,,,,,,,,,,,,,,,,
5,Ait-Nouri,MC,0,,,,Gibbs-White,NOT,0,,,5,Zortea,BOL,0,,,,Brandt,DOR,0,,,,,,,,,,,,,,,,,,,,,,,,,,,,,,
6,Cubarsi,BAR,0,,,,Kimmich,BM,0,,,6,C Augusto,INT,0,,,,Pedri,BAR,0,,,,,,,,,,,,,,,,,,,,,,,,,,,,,,
7,Rudiger,RM,0,,,,Berardi,SAS,0,,,7,Carvajal,RM,0,,,,Lewandowski,BAR,1,,,,,,,,,,,,,,,,,,,,,,,,,,,,,,
MIJLOCASI,,,,,,,Giroud,LIL,0,,,MIJLOCASI,,,,,,,F Torres,BAR,0,,,,,,,,,,,,,,,,,,,,,,,,,,,,,,
8,Bellingham,RM,0,,,,Mateta,CP,0,,,8,Nebel,MAI,0,,,,Budimir,OSA,0,,,,,,,,,,,,,,,,,,,,,,,,,,,,,,
9,Reijnders,MC,0,,,PUNCTE,1,scor,0,0,,9,Lo Celso,BET,0,,,PUNCTE,6,scor,1,0,,,,,,,,,,,,,,,,,,,,,,,,,,,,,
10,O'Rilley,OM,0,,,,formula,343,,,,10,Brandt,DOR,0,,,,formula,343,,,,,,,,,,,,,,,,,,,,,,,,,,,,,,,
11,Gibbs-White,NOT,0,,,,,,,,,11,Pedri,BAR,0,,,,,,,,,,,,,,,,,,,,,,,,,,,,,,,,,,,,
12,Cristante,ROM,0,,,,,,,,,12,Goretzka,BM,0,,,,,,,,,,,,,,,,,,,,,,,,,,,,,,,,,,,,
13,Kimmich,BM,0,,,,,,,,,13,B Silva,MC,0,,,,,,,,,,,,,,,,,,,,,,,,,,,,,,,,,,,,
14,Joelinton,NEW,0,,,,,,,,,14,F Ruiz,PSG,0,,,,,,,,,,,,,,,,,,,,,,,,,,,,,,,,,,,,
ATACANTI,,,,,,,,,,,,ATACANTI,,,,,,,,,,,,,,,,,,,,,,,,,,,,,,,,,,,,,,,
15,Yamal,BAR,0,,,,,,,,,15,Lewandowski,BAR,1,,,,,,,,,,,,,,,,,,,,,,,,,,,,,,,,,,,,
16,Giroud,LIL,0,,,,,,,,,16,Budimir,OSA,0,,,,,,,,,,,,,,,,,,,,,,,,,,,,,,,,,,,,
17,Mateta,CP,0,,,,,,,,,17,Orsolini,BOL,1,,,,,,,,,,,,,,,,,,,,,,,,,,,,,,,,,,,,
18,Berardi,SAS,0,,,,,,,,,18,F Torres,BAR,0,,,,,,,,,,,,,,,,,,,,,,,,,,,,,,,,,,,,
19,Kolo Muani,TOT,0,,,,,,,,,19,Semenyo,BOU,1,,,,,,,,,,,,,,,,,,,,,,,,,,,,,,,,,,,,
20,Solanke,TOT,0,,,,,,,,,20,I Thiago,BRN,2,,,,,,,,,,,,,,,,,,,,,,,,,,,,,,,,,,,,
,,,,,,,,,,,,,,,,,,,,,,,,,,,,,,,,,,,,,,,,,,,,,,,,,,,
,,,,,,,,,,,,,,,,,,,,,,,,,,,,,,,,,,,,,,,,,,,,,,,,,,,
RUBIN KAZAN,,R HOFBAUER,7,,3,,Etapa a 3-a,echipa,puncte,,,RAPID,,I FOCSANEANU,5,,1,,Etapa a 3-a,echipa,puncte,,,,,,,,,,,,,,,,,,,,,,,,,,,,,,
PORTARI,,,,,,,AS ROMA,ROM,,0,,PORTARI,,,,,,,REAL M,RM,,5,,,,,,,,,,,,,,,,,,,,,,,,,,,,,
1,AS ROMA,ROM,0,,,,VV Dijk,LIV,0,,,1,REAL M,RM,5,,,,Orban,LPZ,0,,,,,,,,,,,,,,,,,,,,,,,,,,,,,,
2,LAZIO,LAZ,0,,,,Calafiori,ARS,0,,,2,NEWCASTLE,NEW,2,,,,De Cuyper,BRI,2,,,,,,,,,,,,,,,,,,,,,,,,,,,,,,
FUNDASI,,,,,,,P Porro,TOT,0,,,FUNDASI,,,,,,,Marusic,LAZ,0,,,,,,,,,,,,,,,,,,,,,,,,,,,,,,
3,VV Dijk,LIV,0,,,,Saliba,ARS,0,,,3,Orban,LPZ,0,,,,Sancet,BIL,0,,,,,,,,,,,,,,,,,,,,,,,,,,,,,,
4,Calafiori,ARS,0,,,,N Paz,COM,1,,,4,De Cuyper,BRI,2,,,,Tolisso,LYO,0,,,,,,,,,,,,,,,,,,,,,,,,,,,,,,
5,P Porro,TOT,0,,,,Lee JS,MAI,0,,,5,Marusic,LAZ,0,,,,Hein,MET,0,,,,,,,,,,,,,,,,,,,,,,,,,,,,,,
6,Ratiu,VLC,0,,,,Vitinha,PSG,0,,,6,Lala,BRE,0,,,,El Aynaoui,ROM,0,,,,,,,,,,,,,,,,,,,,,,,,,,,,,,
7,Saliba,ARS,0,,,,J Pedro,CHE,0,,,7,M Rubio,ESP,0,,,,Aubameyang,OM,1,,,,,,,,,,,,,,,,,,,,,,,,,,,,,,
MIJLOCASI,,,,,,,Richarlison,TOT,0,,,MIJLOCASI,,,,,,,M Kean,FIO,0,,,,,,,,,,,,,,,,,,,,,,,,,,,,,,
8,Palmer,CHE,0,,,,Ferguson,ROM,0,,,8,Sancet,BIL,0,,,,J Alvarez,AM,2,,,,,,,,,,,,,,,,,,,,,,,,,,,,,,
9,N Paz,COM,1,,,PUNCTE,4,scor,1,0,,9,Tolisso,LYO,0,,,PUNCTE,4,scor,5,5,,,,,,,,,,,,,,,,,,,,,,,,,,,,,
10,Odegaard,ARS,0,,,,formula,433,,,,10,Hein,MET,0,,,,formula,343,,,,,,,,,,,,,,,,,,,,,,,,,,,,,,,
11,Vitinha,PSG,0,,,,,,,,,11,Suzuki,FRE,0,,,,,,,,,,,,,,,,,,,,,,,,,,,,,,,,,,,,
12,J Neves,PSG,0,,,,,,,,,12,Kevin,FUL,0,,,,,,,,,,,,,,,,,,,,,,,,,,,,,,,,,,,,
13,Lee JS,MAI,0,,,,,,,,,13,El Aynaoui,ROM,0,,,,,,,,,,,,,,,,,,,,,,,,,,,,,,,,,,,,
14,Golovin,MON,0,,,,,,,,,14,Baena,AM,0,,,,,,,,,,,,,,,,,,,,,,,,,,,,,,,,,,,,
ATACANTI,,,,,,,,,,,,ATACANTI,,,,,,,,,,,,,,,,,,,,,,,,,,,,,,,,,,,,,,,
15,Dembele,PSG,0,,,,,,,,,15,J Alvarez,AM,2,,,,,,,,,,,,,,,,,,,,,,,,,,,,,,,,,,,,
16,J Pedro,CHE,0,,,,,,,,,16,M Kean,FIO,0,,,,,,,,,,,,,,,,,,,,,,,,,,,,,,,,,,,,
17,Richarlison,TOT,0,,,,,,,,,17,Aubameyang,OM,1,,,,,,,,,,,,,,,,,,,,,,,,,,,,,,,,,,,,
18,Bulter,KOL,0,,,,,,,,,18,A Perez,VIL,0,,,,,,,,,,,,,,,,,,,,,,,,,,,,,,,,,,,,
19,Gakpo,LIV,0,,,,,,,,,19,Kleindienst,MNG,0,,,,,,,,,,,,,,,,,,,,,,,,,,,,,,,,,,,,
20,Ferguson,ROM,0,,,,,,,,,20,N Williams,BIL,0,,,,,,,,,,,,,,,,,,,,,,,,,,,,,,,,,,,,
,,,,,,,,,,,,,,,,,,,,,,,,,,,,,,,,,,,,,,,,,,,,,,,,,,,
,,,,,,,,,,,,,,,,,,,,,,,,,,,,,,,,,,,,,,,,,,,,,,,,,,,
RTM CHIAJNA,,R TUDOR,1,,0,,Etapa a 3-a,echipa,puncte,,,ATLETICO DRAGALINA,,G BERCEANU,9,,3,,Etapa a 3-a,echipa,puncte,,,,,,,,,,,,,,,,,,,,,,,,,,,,,,
PORTARI,,,,,,,JUVENTUS,JUV,,1,,PORTARI,,,,,,,MAN CITY,MC,,1,,,,,,,,,,,,,,,,,,,,,,,,,,,,,
1,JUVENTUS,JUV,1,,,,F Doucoure,LH,0,,,1,MAN CITY,MC,1,,,,Frimpong,LIV,0,,,,,,,,,,,,,,,,,,,,,,,,,,,,,,
2,LENS,LEN,0,,,,Bard,NIC,0,,,2,CHELSEA,CHE,2,,,,Cucurella,CHE,0,,,,,,,,,,,,,,,,,,,,,,,,,,,,,,
FUNDASI,,,,,,,Cambiaso,JUV,0,,,FUNDASI,,,,,,,Grimaldo,BL,0,,,,,,,,,,,,,,,,,,,,,,,,,,,,,,
3,F Doucoure,LH,0,,,,Doan,FRA,0,,,3,Frimpong,LIV,0,,,,Vargas,SEV,0,,,,,,,,,,,,,,,,,,,,,,,,,,,,,,
4,Wesley,ROM,0,,,,Komur,AUG,0,,,4,Grimaldo,BL,0,,,,Zaccagni,LAZ,1,,,,,,,,,,,,,,,,,,,,,,,,,,,,,,
5,Methalie,TOU,0,,,,Schmid,WB,0,,,5,Cucurella,CHE,0,,,,Palazon,VLC,0,,,,,,,,,,,,,,,,,,,,,,,,,,,,,,
6,Bard,NIC,0,,,,Haraldsson,LIL,0,,,6,Di Lorenzo,NAP,0,,,,Del Castillo,BRE,1,,,,,,,,,,,,,,,,,,,,,,,,,,,,,,
7,Cambiaso,JUV,0,,,,Schick,BL,0,,,7,Sugawara,WB,0,,,,Haaland,MC,2,,,,,,,,,,,,,,,,,,,,,,,,,,,,,,
MIJLOCASI,,,,,,,Evanilson,BOU,0,,,MIJLOCASI,,,,,,,Mbeumo,MU,0,,,,,,,,,,,,,,,,,,,,,,,,,,,,,,
8,Doan,FRA,0,,,,M Thuram,INT,0,,,8,Zaccagni,LAZ,1,,,,Mikautadze,VIL,0,,,,,,,,,,,,,,,,,,,,,,,,,,,,,,
9,Haraldsson,LIL,0,,,PUNCTE,1,,0,1,,9,Almada,AM,0,,,PUNCTE,6,scor,4,1,,,,,,,,,,,,,,,,,,,,,,,,,,,,,
10,Komur,AUG,0,,,,formula,343,,,,10,Oroz,OSA,0,,,,formula,343,,,,,,,,,,,,,,,,,,,,,,,,,,,,,,,
11,Schmid,WB,0,,,,,,,,,11,Palazon,VLC,0,,,,,,,,,,,,,,,,,,,,,,,,,,,,,,,,,,,,
12,Thielmann,KOL,0,,,,,,,,,12,Del Castillo,BRE,1,,,,,,,,,,,,,,,,,,,,,,,,,,,,,,,,,,,,
13,Dewsbury-Hall,EVE,0,,,,,,,,,13,Vargas,SEV,0,,,,,,,,,,,,,,,,,,,,,,,,,,,,,,,,,,,,
14,Vlasic,TOR,0,,,,,,,,,14,Lee Kang-In,PSG,0,,,,,,,,,,,,,,,,,,,,,,,,,,,,,,,,,,,,
ATACANTI,,,,,,,,,,,,ATACANTI,,,,,,,,,,,,,,,,,,,,,,,,,,,,,,,,,,,,,,,
15,Schick,BL,0,,,,,,,,,15,Haaland,MC,2,,,,,,,,,,,,,,,,,,,,,,,,,,,,,,,,,,,,
16,M Thuram,INT,0,,,,,,,,,16,Mikautadze,VIL,0,,,,,,,,,,,,,,,,,,,,,,,,,,,,,,,,,,,,
17,Evanilson,BOU,0,,,,,,,,,17,Mbeumo,MU,0,,,,,,,,,,,,,,,,,,,,,,,,,,,,,,,,,,,,
18,H Duro,VAL,0,,,,,,,,,18,Oyarzabal,SOC,0,,,,,,,,,,,,,,,,,,,,,,,,,,,,,,,,,,,,
19,N Pepe,VIL,0,,,,,,,,,19,Embolo,REN,0,,,,,,,,,,,,,,,,,,,,,,,,,,,,,,,,,,,,
20,Wahi,FRA,0,,,,,,,,,20,Garnacho,CHE,0,,,,,,,,,,,,,,,,,,,,,,,,,,,,,,,,,,,,
,,,,,,,,,,,,,,,,,,,,,,,,,,,,,,,,,,,,,,,,,,,,,,,,,,,
,,,,,,,,,,,,,,,,,,,,,,,,,,,,,,,,,,,,,,,,,,,,,,,,,,,
AS STEAUA FERENTARI,,F CEAFALAU,7,,1,,Etapa a 3-a,echipa,puncte,,,THE GUNNERS,,D SONERIU,9,,3,,Etapa a 3-a,echipa,puncte,,,,,,,,,,,,,,,,,,,,,,,,,,,,,,
PORTARI,,,,,,,BARCELONA,BAR,,1,,PORTARI,,,,,,,VILLAREAL,VIL,,0,,,,,,,,,,,,,,,,,,,,,,,,,,,,,
1,BARCELONA,BAR,1,,,,Chalobah,CHE,0,,,1,LYON,LYO,0,,,,Kubler,FRE,2,,,,,,,,,,,,,,,,,,,,,,,,,,,,,,
2,ATALANTA,ATA,1,,,,Beste,FRE,0,,,2,VILLAREAL,VIL,0,,,,Diks,MNG,0,,,,,,,,,,,,,,,,,,,,,,,,,,,,,,
FUNDASI,,,,,,,R Gomes,WLV,0,,,FUNDASI,,,,,,,Cabrera,ESP,0,,,,,,,,,,,,,,,,,,,,,,,,,,,,,,
3,Chalobah,CHE,0,,,,Olmo,BAR,0,,,3,Kubler,FRE,2,,,,De Bruyne,NAP,1,,,,,,,,,,,,,,,,,,,,,,,,,,,,,,
4,R Gomes,WLV,0,,,,Ben Seghir,BL,0,,,4,Diks,MNG,0,,,,Uzun,FRA,1,,,,,,,,,,,,,,,,,,,,,,,,,,,,,,
5,Kounde,BAR,2,,,,Amiri,MAI,0,,,5,Cabrera,ESP,0,,,,Guler,RM,1,,,,,,,,,,,,,,,,,,,,,,,,,,,,,,
6,Ruibal,BET,0,,,,E Fernandez,CHE,1,,,6,Muheim,HMB,0,,,,Anguissa,NAP,0,,,,,,,,,,,,,,,,,,,,,,,,,,,,,,
7,Beste,FRE,0,,,,L Diaz,BM,0,,,7,Rrahmani,NAP,0,,,,Mbappe,RM,1,,,,,,,,,,,,,,,,,,,,,,,,,,,,,,
MIJLOCASI,,,,,,,S Larsen,WLV,0,,,MIJLOCASI,,,,,,,Kramaric,HOF,0,,,,,,,,,,,,,,,,,,,,,,,,,,,,,,
8,Olmo,BAR,0,,,,Vlahovic,JUV,0,,,8,De Bruyne,NAP,1,,,,Puado,ESP,0,,,,,,,,,,,,,,,,,,,,,,,,,,,,,,
9,Amiri,MAI,0,,,PUNCTE,6,scor,1,1,,9,Uzun,FRA,1,,,PUNCTE,6,scor,6,0,,,,,,,,,,,,,,,,,,,,,,,,,,,,,
10,E Fernandez,CHE,1,,,,formula,343,,,,10,Guler,RM,1,,,,formula,343,,,,,,,,,,,,,,,,,,,,,,,,,,,,,,,
11,Ben Seghir,BL,0,,,,,,,,,11,H Traore,OM,0,,,,,,,,,,,,,,,,,,,,,,,,,,,,,,,,,,,,
12,Fermin L,BAR,0,,,,,,,,,12,Anguissa,NAP,0,,,,,,,,,,,,,,,,,,,,,,,,,,,,,,,,,,,,
13,Karabec,LYO,0,,,,,,,,,13,A Santos,CHE,0,,,,,,,,,,,,,,,,,,,,,,,,,,,,,,,,,,,,
14,El Mala,KOL,0,,,,,,,,,14,Smith Rowe,FUL,0,,,,,,,,,,,,,,,,,,,,,,,,,,,,,,,,,,,,
ATACANTI,,,,,,,,,,,,ATACANTI,,,,,,,,,,,,,,,,,,,,,,,,,,,,,,,,,,,,,,,
15,L Diaz,BM,0,,,,,,,,,15,Mbappe,RM,1,,,,,,,,,,,,,,,,,,,,,,,,,,,,,,,,,,,,
16,Ekitike,LIV,0,,,,,,,,,16,Barcola,PSG,0,,,,,,,,,,,,,,,,,,,,,,,,,,,,,,,,,,,,
17,Marmoush,MC,0,,,,,,,,,17,Puado,ESP,0,,,,,,,,,,,,,,,,,,,,,,,,,,,,,,,,,,,,
18,Boniface,WB,0,,,,,,,,,18,Scamacca,ATA,0,,,,,,,,,,,,,,,,,,,,,,,,,,,,,,,,,,,,
19,S Larsen,WLV,0,,,,,,,,,19,B Johnson,TOT,0,,,,,,,,,,,,,,,,,,,,,,,,,,,,,,,,,,,,
20,Vlahovic,JUV,0,,,,,,,,,20,Kramaric,HOF,0,,,,,,,,,,,,,,,,,,,,,,,,,,,,,,,,,,,,
,,,,,,,,,,,,,,,,,,,,,,,,,,,,,,,,,,,,,,,,,,,,,,,,,,,
,,,,,,,,,,,,,,,,,,,,,,,,,,,,,,,,,,,,,,,,,,,,,,,,,,,
METALU' BOB,,A BOBEICA,3,,0,,Etapa a 3-a,echipa,puncte,,,FC HUTU,,M HUTU,7,,1,,Etapa a 3-a,echipa,puncte,,,,,,,,,,,,,,,,,,,,,,,,,,,,,,
PORTARI,,,,,,,TOTTENHAM,TOT,,1,,PORTARI,,,,,,,BOLOGNA,BOL,,2,,,,,,,,,,,,,,,,,,,,,,,,,,,,,
1,LILLE,LIL,1,,,,Del Prato,PAR,0,,,1,BOLOGNA,BOL,2,,,,Milenkovic,NOT,0,,,,,,,,,,,,,,,,,,,,,,,,,,,,,,
2,TOTTENHAM,TOT,1,,,,L Vazquez,BL,0,,,2,MAN UTD,MU,3,,,,Guehi,CP,0,,,,,,,,,,,,,,,,,,,,,,,,,,,,,,
FUNDASI,,,,,,,Gvardiol,MC,0,,,FUNDASI,,,,,,,Senesi,BOU,0,,,,,,,,,,,,,,,,,,,,,,,,,,,,,,
3,Gvardiol,MC,0,,,,Grifo,FRE,0,,,3,Bremer,JUV,0,,,,McTomminay,NAP,0,,,,,,,,,,,,,,,,,,,,,,,,,,,,,,
4,Del Prato,PAR,0,,,,Valverde,RM,0,,,4,Huijsen,RM,0,,,,B Fernandes,MU,0,,,,,,,,,,,,,,,,,,,,,,,,,,,,,,
5,L Vazquez,BL,0,,,,Grealish,EVE,0,,,5,Milenkovic,NOT,0,,,,Paqueta,WH,0,,,,,,,,,,,,,,,,,,,,,,,,,,,,,,
6,Dorgu,MU,0,,,,Claude-Maurice,AUG,0,,,6,Guehi,CP,0,,,,Szoboszlai,LIV,0,,,,,,,,,,,,,,,,,,,,,,,,,,,,,,
7,M Alonso,CEL,0,,,,Lookman,ATA,0,,,7,Senesi,BOU,0,,,,H Kane,BM,2,,,,,,,,,,,,,,,,,,,,,,,,,,,,,,
MIJLOCASI,,,,,,,Balogun,MON,0,,,MIJLOCASI,,,,,,,Vinicius Jr,RM,0,,,,,,,,,,,,,,,,,,,,,,,,,,,,,,
8,Grifo,FRE,0,,,,Wood,NOT,0,,,8,McTomminay,NAP,0,,,,Saka,ARS,0,,,,,,,,,,,,,,,,,,,,,,,,,,,,,,
9,Cherki,MC,0,,,PUNCTE,3,scor,0,1,,9,B Fernandes,MU,0,,,PUNCTE,6,scor,2,2,,,,,,,,,,,,,,,,,,,,,,,,,,,,,
10,Soucek,WH,0,,,,formula,343,,,,10,Paqueta,WH,0,,,,formula,343,,,,,,,,,,,,,,,,,,,,,,,,,,,,,,,
11,Grealish,EVE,0,,,,,,,,,11,H Barnes,NEW,0,,,,,,,,,,,,,,,,,,,,,,,,,,,,,,,,,,,,
12,Claude-Maurice,AUG,0,,,,,,,,,12,Szoboszlai,LIV,0,,,,,,,,,,,,,,,,,,,,,,,,,,,,,,,,,,,,
13,Valverde,RM,0,,,,,,,,,13,MacAllister,LIV,0,,,,,,,,,,,,,,,,,,,,,,,,,,,,,,,,,,,,
14,Pogba,MON,0,,,,,,,,,14,D Rice,ARS,0,,,,,,,,,,,,,,,,,,,,,,,,,,,,,,,,,,,,
ATACANTI,,,,,,,,,,,,ATACANTI,,,,,,,,,,,,,,,,,,,,,,,,,,,,,,,,,,,,,,,
15,Gyokeres,ARS,0,,,,,,,,,15,H Kane,BM,2,,,,,,,,,,,,,,,,,,,,,,,,,,,,,,,,,,,,
16,Sorloth,AM,1,,,,,,,,,16,Vinicius Jr,RM,0,,,,,,,,,,,,,,,,,,,,,,,,,,,,,,,,,,,,
17,Wood,NOT,0,,,,,,,,,17,Saka,ARS,0,,,,,,,,,,,,,,,,,,,,,,,,,,,,,,,,,,,,
18,Panichelli,STR,0,,,,,,,,,18,Jackson,BM,0,,,,,,,,,,,,,,,,,,,,,,,,,,,,,,,,,,,,
19,Balogun,MON,0,,,,,,,,,19,Sesko,MU,1,,,,,,,,,,,,,,,,,,,,,,,,,,,,,,,,,,,,
20,Lookman,ATA,0,,,,,,,,,20,Ndiaye,EVE,0,,,,,,,,,,,,,,,,,,,,,,,,,,,,,,,,,,,,
,,,,,,,,,,,,,,,,,,,,,,,,,,,,,,,,,,,,,,,,,,,,,,,,,,,
,,,,,,,,,,,,,,,,,,,,,,,,,,,,,,,,,,,,,,,,,,,,,,,,,,,
IONEL MESSI,,B CHIRILA,9,,3,,Etapa a 3-a,echipa,puncte,,,JUVERPOOL,,G DINCA,5,,1,,Etapa a 3-a,echipa,puncte,,,,,,,,,,,,,,,,,,,,,,,,,,,,,,
PORTARI,,,,,,,COMO,COM,,1,,PORTARI,,,,,,,INTER M,INT,,0,,,,,,,,,,,,,,,,,,,,,,,,,,,,,
1,NAPOLI,NAP,2,,,,Baku,LPZ,0,,,1,INTER M,INT,0,,,,Cresswell,TOU,0,,,,,,,,,,,,,,,,,,,,,,,,,,,,,,
2,COMO,COM,1,,,,Dimarco,INT,0,,,2,AC MILAN,MIL,1,,,,Oppie,STP,0,,,,,,,,,,,,,,,,,,,,,,,,,,,,,,
FUNDASI,,,,,,,Guerreiro,BM,0,,,FUNDASI,,,,,,,Dumfries,INT,0,,,,,,,,,,,,,,,,,,,,,,,,,,,,,,
3,Dimarco,INT,0,,,,Akliouche,MON,0,,,3,Dumfries,INT,0,,,,Brugue,LEV,0,,,,,,,,,,,,,,,,,,,,,,,,,,,,,,
4,Guerreiro,BM,0,,,,Blas,REN,0,,,4,Kristensen,FRA,0,,,,Kebbal,PRS,0,,,,,,,,,,,,,,,,,,,,,,,,,,,,,,
5,Baku,LPZ,0,,,,Baumgartner,LPZ,0,,,5,TA Arnold,RM,0,,,,Arambarri,GET,0,,,,,,,,,,,,,,,,,,,,,,,,,,,,,,
6,Vojvoda,COM,0,,,,Foden,MC,0,,,6,Cresswell,TOU,0,,,,Sulc,LYO,0,,,,,,,,,,,,,,,,,,,,,,,,,,,,,,
7,Lejeune,VLC,0,,,,L Martinez,INT,1,,,7,Oppie,STP,0,,,,Guirassy,DOR,0,,,,,,,,,,,,,,,,,,,,,,,,,,,,,,
MIJLOCASI,,,,,,,Greenwood,OM,0,,,MIJLOCASI,,,,,,,Amoura,WOL,0,,,,,,,,,,,,,,,,,,,,,,,,,,,,,,
8,Akliouche,MON,0,,,,Demirovic,STU,1,,,8,Wissa,NEW,0,,,,Gnabry,BM,0,,,,,,,,,,,,,,,,,,,,,,,,,,,,,,
9,Foden,MC,0,,,PUNCTE,6,scor,2,1,,9,Kebbal,PRS,0,,,PUNCTE,4,scor,0,0,,,,,,,,,,,,,,,,,,,,,,,,,,,,,
10,Hack,MNG,0,,,,formula,343,,,,10,Arambarri,GET,0,,,,formula,343,,,,,,,,,,,,,,,,,,,,,,,,,,,,,,,
11,Blas,REN,0,,,,,,,,,11,Sulc,LYO,0,,,,,,,,,,,,,,,,,,,,,,,,,,,,,,,,,,,,
12,Honorat,MNG,0,,,,,,,,,12,Isco,BET,0,,,,,,,,,,,,,,,,,,,,,,,,,,,,,,,,,,,,
13,Baumgartner,LPZ,0,,,,,,,,,13,Brugue,LEV,0,,,,,,,,,,,,,,,,,,,,,,,,,,,,,,,,,,,,
14,Nusa,LPZ,0,,,,,,,,,14,Boving,MAI,0,,,,,,,,,,,,,,,,,,,,,,,,,,,,,,,,,,,,
ATACANTI,,,,,,,,,,,,ATACANTI,,,,,,,,,,,,,,,,,,,,,,,,,,,,,,,,,,,,,,,
15,L Martinez,INT,1,,,,,,,,,15,Guirassy,DOR,0,,,,,,,,,,,,,,,,,,,,,,,,,,,,,,,,,,,,
16,Greenwood,OM,0,,,,,,,,,16,Fofana,LEN,0,,,,,,,,,,,,,,,,,,,,,,,,,,,,,,,,,,,,
17,Demirovic,STU,1,,,,,,,,,17,Amoura,WOL,0,,,,,,,,,,,,,,,,,,,,,,,,,,,,,,,,,,,,
18,Castellanos,LAZ,1,,,,,,,,,18,Gnabry,BM,0,,,,,,,,,,,,,,,,,,,,,,,,,,,,,,,,,,,,
19,Cunha,MU,0,,,,,,,,,19,Lukaku,NAP,0,,,,,,,,,,,,,,,,,,,,,,,,,,,,,,,,,,,,
20,Hojlund,NAP,0,,,,,,,,,20,Vanat,GIR,0,,,,,,,,,,,,,,,,,,,,,,,,,,,,,,,,,,,,
,,,,,,,,,,,,,,,,,,,,,,,,,,,,,,,,,,,,,,,,,,,,,,,,,,,
,,,,,,,,,,,,,,,,,,,,,,,,,,,,,,,,,,,,,,,,,,,,,,,,,,,
"TEI, CARTIER DE TREI LEI",,I ALEXANDRU,7,,3,,Etapa a 3-a,echipa,,,,PAVEL NEDVED,,D ROSU,7,,1,,Etapa a 3-a,echipa,puncte,,,,,,,,,,,,,,,,,,,,,,,,,,,,,,
PORTARI,,,,,,,BAYERN M,BM,,0,,PORTARI,,,,,,,NICE,NIC,,1,,,,,,,,,,,,,,,,,,,,,,,,,,,,,
1,BAYERN M,BM,0,,,,Hakimi,PSG,0,,,1,BILBAO,BIL,1,,,,Timber,ARS,0,,,,,,,,,,,,,,,,,,,,,,,,,,,,,,
2,LEIPZIG,LPZ,0,,,,Estupinan,MIL,0,,,2,NICE,NIC,1,,,,Romero,TOT,0,,,,,,,,,,,,,,,,,,,,,,,,,,,,,,
FUNDASI,,,,,,,Gabriel,ARS,2,,,FUNDASI,,,,,,,Van de Ven,TOT,0,,,,,,,,,,,,,,,,,,,,,,,,,,,,,,
3,Hakimi,PSG,0,,,,X Simons,TOT,0,,,3,Schar,NEW,0,,,,Olise,BM,0,,,,,,,,,,,,,,,,,,,,,,,,,,,,,,
4,Gabriel,ARS,2,,,,Kaminski,KOL,1,,,4,Romero,TOT,0,,,,Eze,ARS,0,,,,,,,,,,,,,,,,,,,,,,,,,,,,,,
5,Diakite,BOU,0,,,,Minamino,MON,0,,,5,Van de Ven,TOT,0,,,,Calhanoglu,INT,0,,,,,,,,,,,,,,,,,,,,,,,,,,,,,,
6,Zehnter,WOL,0,,,,H Elliot,AV,0,,,6,Timber,ARS,0,,,,Modric,MIL,0,,,,,,,,,,,,,,,,,,,,,,,,,,,,,,
7,Estupinan,MIL,0,,,,Isak,LIV,0,,,7,Savona,NOT,0,,,,Emegha,STR,0,,,,,,,,,,,,,,,,,,,,,,,,,,,,,,
MIJLOCASI,,,,,,,Bowen,WH,1,,,MIJLOCASI,,,,,,,Burkardt,FRA,1,,,,,,,,,,,,,,,,,,,,,,,,,,,,,,
8,X Simons,TOT,0,,,,Soule,ROM,1,,,8,Olise,BM,0,,,,Romulo,LPZ,0,,,,,,,,,,,,,,,,,,,,,,,,,,,,,,
9,Minamino,MON,0,,,PUNCTE,4,scor,5,0,,9,Eze,ARS,0,,,PUNCTE,6,scor,1,1,,,,,,,,,,,,,,,,,,,,,,,,,,,,,
10,Kaminski,KOL,1,,,,formula,343,,,,10,Calhanoglu,INT,0,,,,formula,343,,,,,,,,,,,,,,,,,,,,,,,,,,,,,,,
11,H Elliot,AV,0,,,,,,,,,11,B Guimaraes,NEW,0,,,,,,,,,,,,,,,,,,,,,,,,,,,,,,,,,,,,
12,Tavernier,BOU,0,,,,,,,,,12,Modric,MIL,0,,,,,,,,,,,,,,,,,,,,,,,,,,,,,,,,,,,,
13,Zhegrova,JUV,0,,,,,,,,,13,Pasalic,ATA,0,,,,,,,,,,,,,,,,,,,,,,,,,,,,,,,,,,,,
14,Mandragora,FIO,0,,,,,,,,,14,Zakaria,MON,0,,,,,,,,,,,,,,,,,,,,,,,,,,,,,,,,,,,,
ATACANTI,,,,,,,,,,,,ATACANTI,,,,,,,,,,,,,,,,,,,,,,,,,,,,,,,,,,,,,,,
15,Isak,LIV,0,,,,,,,,,15,Emegha,STR,0,,,,,,,,,,,,,,,,,,,,,,,,,,,,,,,,,,,,
16,Bowen,WH,1,,,,,,,,,16,Burkardt,FRA,1,,,,,,,,,,,,,,,,,,,,,,,,,,,,,,,,,,,,
17,Soule,ROM,1,,,,,,,,,17,Romulo,LPZ,0,,,,,,,,,,,,,,,,,,,,,,,,,,,,,,,,,,,,
18,Bahoya,FRA,0,,,,,,,,,18,Lepaul,REN,0,,,,,,,,,,,,,,,,,,,,,,,,,,,,,,,,,,,,
19,I Sarr,CP,1,,,,,,,,,19,Openda,JUV,0,,,,,,,,,,,,,,,,,,,,,,,,,,,,,,,,,,,,
20,Hountondji,STP,0,,,,,,,,,20,R Leao,MIL,0,,,,,,,,,,,,,,,,,,,,,,,,,,,,,,,,,,,,
,,,,,,,,,,,,,,,,,,,,,,,,,,,,,,,,,,,,,,,,,,,,,,,,,,,
,,,,,,,,,,,,,,,,,,,,,,,,,,,,,,,,,,,,,,,,,,,,,,,,,,,
FC ROMANIA,,ROM,#N/A,,#N/A,,Etapa a 1-a,,puncte,,,,,,,,,,,,,,,,,,,,,,,,,,,,,,,,,,,,,,,,,,
PORTARI,,,,,,,,,,#N/A,,,,,,,,,,,,,,,,,,,,,,,,,,,,,,,,,,,,,,,,,
1,I Radu,CEL,,,,,,,#N/A,,,,,,,,,,,,,,,,,,,,,,,,,,,,,,,,,,,,,,,,,,
2,M Popa,TOR,,,,,,,#N/A,,,,,,,,,,,,,,,,,,,,,,,,,,,,,,,,,,,,,,,,,,
FUNDASI,,,,,,,,,#N/A,,,,,,,,,,,,,,,,,,,,,,,,,,,,,,,,,,,,,,,,,,
3,Dragusin,TOT,,,,,,,#N/A,,,,,,,,,,,,,,,,,,,,,,,,,,,,,,,,,,,,,,,,,,
4,Ratiu,VLC,,,,,,,#N/A,,,,,,,,,,,,,,,,,,,,,,,,,,,,,,,,,,,,,,,,,,
5,Akdag,TOU,,,,,,,#N/A,,,,,,,,,,,,,,,,,,,,,,,,,,,,,,,,,,,,,,,,,,
6,,,,,,,,,#N/A,,,,,,,,,,,,,,,,,,,,,,,,,,,,,,,,,,,,,,,,,,
7,,,,,,,,,#N/A,,,,,,,,,,,,,,,,,,,,,,,,,,,,,,,,,,,,,,,,,,
MIJLOCASI,,,,,,,,,#N/A,,,,,,,,,,,,,,,,,,,,,,,,,,,,,,,,,,,,,,,,,,
8,M Marin,PIS,,,,,,,#N/A,,,,,,,,,,,,,,,,,,,,,,,,,,,,,,,,,,,,,,,,,,
9,Stanciu,GEN,,,,PUNCTE,0,scor,#N/A,#N/A,,,,,,,,,,,,,,,,,,,,,,,,,,,,,,,,,,,,,,,,,
10,Boloca,SAS,,,,,formula,343,,,,,,,,,,,,,,,,,,,,,,,,,,,,,,,,,,,,,,,,,,,
11,,,,,,,,,,,,,,,,,,,,,,,,,,,,,,,,,,,,,,,,,,,,,,,,,,,
12,,,,,,,,,,,,,,,,,,,,,,,,,,,,,,,,,,,,,,,,,,,,,,,,,,,
13,,,,,,,,,,,,,,,,,,,,,,,,,,,,,,,,,,,,,,,,,,,,,,,,,,,
14,,,,,,,,,,,,,,,,,,,,,,,,,,,,,,,,,,,,,,,,,,,,,,,,,,,
ATACANTI,,,,,,,,,,,,,,,,,,,,,,,,,,,,,,,,,,,,,,,,,,,,,,,,,,,
15,,,,,,,,,,,,,,,,,,,,,,,,,,,,,,,,,,,,,,,,,,,,,,,,,,,
16,,,,,,,,,,,,,,,,,,,,,,,,,,,,,,,,,,,,,,,,,,,,,,,,,,,
17,,,,,,,,,,,,,,,,,,,,,,,,,,,,,,,,,,,,,,,,,,,,,,,,,,,
18,,,,,,,,,,,,,,,,,,,,,,,,,,,,,,,,,,,,,,,,,,,,,,,,,,,
19,,,,,,,,,,,,,,,,,,,,,,,,,,,,,,,,,,,,,,,,,,,,,,,,,,,
20,,,,,,,,,,,,,,,,,,,,,,,,,,,,,,,,,,,,,,,,,,,,,,,,,,,