BRITANICII,,D MOLAN,19,,3,,Etapa a 7-a,echipa,puncte,,,FC MUMU LU' TALPANU',,L MOLAN,16,,3,,Etapa a 7-a,echipa,puncte,,,,,,,,,,,,,,,,,,,,,,,,,,,,,Restante,Restante
PORTARI,,,,,,,Arsenal,ARS,,0,,PORTARI,,,,,,,LIVERPOOL,LIV,,0,,,,,,,,,,,,,,,,,,,,,,,,,,,,,
1,ARSENAL,ARS,0,,Sa,,Gosens,FIO,0,,,1,LIVERPOOL,LIV,0,,Sa,,Munoz,CP,0,,,,,,,,,,,,,,,,,,,,,,,,,,,,,,
2,GETAFE,GET,1,,Vi,,Kehrer,MON,0,,,2,SOCIEDAD,SOC,2,,Sa,,E Garcia,BAR,0,,,,,,,,,,,,,,,,,,,,,,,,,,,,,,
FUNDASI,,,,,#N/A,,Krejci,WLV,0,,,FUNDASI,,,,,#N/A,,J Tah,BM,0,,,,,,,,,,,,,,,,,,,,,,,,,,,,,,
3,Gosens,FIO,0,,Du,,Bogle,LEE,0,,,3,Munoz,CP,0,,Sa,,Mitoma,BRI,0,,,,,,,,,,,,,,,,,,,,,,,,,,,,,,
4,Struijk,LEE,0,,Sa,,Flemming,BUR,0,,,4,Abdi,NIC,0,,Sa,,Schade,BRN,0,,,,,,,,,,,,,,,,,,,,,,,,,,,,,,
5,Bogle,LEE,0,,Sa,,A Toure,LH,0,,,5,E Garcia,BAR,0,,Du,,Murphy,NEW,1,,,,,,,,,,,,,,,,,,,,,,,,,,,,,,
6,Krejci,WLV,0,,Sa,,Stage,WB,1,,,6,Clauss,NIC,0,,Sa,,Kudus,TOT,0,,,,,,,,,,,,,,,,,,,,,,,,,,,,,,
7,Kehrer,MON,0,,Sa,,Wirtz,LIV,0,,,7,J Tah,BM,0,,Sa,,Watkins,AV,0,,,,,,,,,,,,,,,,,,,,,,,,,,,,,,
MIJLOCASI,,,,,#N/A,,Woltemade,NEW,0,,,MIJLOCASI,,,,,#N/A,,Salah,LIV,1,,,,,,,,,,,,,,,,,,,,,,,,,,,,,,
8,Wirtz,LIV,0,,Sa,,J David,JUV,0,,,8,Pulisic,MIL,0,,Du,,Beier,DOR,0,,,,,,,,,,,,,,,,,,,,,,,,,,,,,,
9,Tillman,BL,0,,Sa,PUNCTE,16,scor,1,0,,9,Mitoma,BRI,0,,Sa,PUNCTE,13,scor,2,0,,,,,,,,,,,,,,,,,,,,,,,,,,,,,
10,A Toure,LH,0,,Du,,formula,442,,,,10,Schade,BRN,0,,Sa,,formula,343,,,,,,,,,,,,,,,,,,,,,,,,,,,,,,,
11,D James,LEE,0,,Sa,,,,,,,11,Kudus,TOT,0,,Sa,,,,,,,,,,,,,,,,,,,,,,,,,,,,,,,,,,
12,Stage,WB,1,,Sa,,,,,,,12,Rabiot,MIL,0,,Du,,,,,,,,,,,,,,,,,,,,,,,,,,,,,,,,,,
13,Soler,SOC,0,,Sa,,,,,,,13,Musiala,BM,0,,Sa,,,,,,,,,,,,,,,,,,,,,,,,,,,,,,,,,,
14,Flemming,BUR,0,,Sa,,,,,,,14,Murphy,NEW,1,,Du,,,,,,,,,,,,,,,,,,,,,,,,,,,,,,,,,,
ATACANTI,,,,,#N/A,,,,,,,ATACANTI,,,,,#N/A,,,,,,,,,,,,,,,,,,,,,,,,,,,,,,,,,,
15,Raphinia,BAR,0,,Du,,,,,,,15,Salah,LIV,1,,Sa,,,,,,,,,,,,,,,,,,,,,,,,,,,,,,,,,,
16,J David,JUV,0,,Sa,,,,,,,16,Watkins,AV,0,,Sa,,,,,,,,,,,,,,,,,,,,,,,,,,,,,,,,,,
17,Woltemade,NEW,0,,Du,,,,,,,17,Biereth,MON,0,,Sa,,,,,,,,,,,,,,,,,,,,,,,,,,,,,,,,,,
18,Gimenez,MIL,0,,Du,,,,,,,18,Kalimuendo,NOT,0,,Sa,,,,,,,,,,,,,,,,,,,,,,,,,,,,,,,,,,
19,Moffi,NIC,0,,Sa,,,,,,,19,Beier,DOR,0,,Vi,,,,,,,,,,,,,,,,,,,,,,,,,,,,,,,,,,
20,Delap,CHE,0,,Sa,,,,,,,20,Immobile,BOL,0,,Du,,,,,,,,,,,,,,,,,,,,,,,,,,,,,,,,,,
,,,,,,,,,,,,,,,,,,,,,,,,,,,,,,,,,,,,,,,,,,,,,,,,,,,
,,,,,,,,,,,,,,,,,,,,,,,,,,,,,,,,,,,,,,,,,,,,,,,,,,,
SLOBOZ,,A COSTEIU,9,,3,,Etapa a 7-a,echipa,puncte,,,THE CRYSTAL SHIP,,C ROSU,17,,1,,Etapa a 7-a,echipa,puncte,,,,,,,,,,,,,,,,,,,,,,,,,,,,,,
PORTARI,,,,,,,PARIS SG,PSG,,0,,PORTARI,,,,,,,ATLETICO M,AM,,0,,,,,,,,,,,,,,,,,,,,,,,,,,,,,
1,PARIS SG,PSG,0,,Sa,,A Paredes,BIL,0,,,1,ATLETICO M,AM,0,,Sa,,Zortea,BOL,0,,,,,,,,,,,,,,,,,,,,,,,,,,,,,,
2,FIORENTINA,FIO,1,,Du,,Schlotterbeck,AUG,0,,,2,BETIS,BET,0,,Du,,Dodo,FIO,0,,,,,,,,,,,,,,,,,,,,,,,,,,,,,,
FUNDASI,,,,,#N/A,,Cubarsi,BAR,0,,,FUNDASI,,,,,#N/A,,C Augusto,INT,0,,,,,,,,,,,,,,,,,,,,,,,,,,,,,,
3,Schlotterbeck,AUG,0,,Vi,,Reijnders,MC,0,,,3,Angelino,ROM,0,,Du,,Nebel,MAI,0,,,,,,,,,,,,,,,,,,,,,,,,,,,,,,
4,A Paredes,BIL,0,,Sa,,O'Rilley,OM,0,,,4,Dodo,FIO,0,,Du,,Lo Celso,BET,0,,,,,,,,,,,,,,,,,,,,,,,,,,,,,,
5,Ait-Nouri,MC,0,,Du,,Gibbs-White,NOT,1,,,5,Zortea,BOL,0,,Du,,Brandt,DOR,0,,,,,,,,,,,,,,,,,,,,,,,,,,,,,,
6,Cubarsi,BAR,0,,Du,,Kimmich,BM,0,,,6,C Augusto,INT,0,,Du,,B Silva,MC,0,,,,,,,,,,,,,,,,,,,,,,,,,,,,,,
7,Rudiger,RM,0,,Sa,,Yamal,BAR,1,,,7,Carvajal,RM,0,,Sa,,Lewandowski,BAR,0,,,,,,,,,,,,,,,,,,,,,,,,,,,,,,
MIJLOCASI,,,,,#N/A,,Giroud,LIL,0,,,MIJLOCASI,,,,,#N/A,,I Thiago,BRN,0,,,,,,,,,,,,,,,,,,,,,,,,,,,,,,
8,Bellingham,RM,1,,Sa,,Mateta,CP,1,,,8,Nebel,MAI,0,,Sa,,Orsolini,BOL,0,,,,,,,,,,,,,,,,,,,,,,,,,,,,,,
9,Reijnders,MC,0,,Du,PUNCTE,6,scor,3,0,,9,Lo Celso,BET,0,,Du,PUNCTE,16,scor,0,0,,,,,,,,,,,,,,,,,,,,,,,,,,,,,
10,O'Rilley,OM,0,,Sa,,formula,343,,,,10,Brandt,DOR,0,,Vi,,formula,343,,,,,,,,,,,,,,,,,,,,,,,,,,,,,,,
11,Gibbs-White,NOT,1,,Sa,,,,,,,11,Pedri,BAR,0,,Du,,,,,,,,,,,,,,,,,,,,,,,,,,,,,,,,,,
12,Cristante,ROM,0,,Du,,,,,,,12,Goretzka,BM,0,,Sa,,,,,,,,,,,,,,,,,,,,,,,,,,,,,,,,,,
13,Kimmich,BM,0,,Sa,,,,,,,13,B Silva,MC,0,,Du,,,,,,,,,,,,,,,,,,,,,,,,,,,,,,,,,,
14,Joelinton,NEW,0,,Du,,,,,,,14,F Ruiz,PSG,0,,Sa,,,,,,,,,,,,,,,,,,,,,,,,,,,,,,,,,,
ATACANTI,,,,,#N/A,,,,,,,ATACANTI,,,,,#N/A,,,,,,,,,,,,,,,,,,,,,,,,,,,,,,,,,,
15,Yamal,BAR,1,,Du,,,,,,,15,Lewandowski,BAR,0,,Du,,,,,,,,,,,,,,,,,,,,,,,,,,,,,,,,,,
16,Giroud,LIL,0,,Du,,,,,,,16,Budimir,OSA,0,,Lu,,,,,,,,,,,,,,,,,,,,,,,,,,,,,,,,,,
17,Mateta,CP,1,,Sa,,,,,,,17,Orsolini,BOL,0,,Du,,,,,,,,,,,,,,,,,,,,,,,,,,,,,,,,,,
18,Berardi,SAS,1,,Lu,,,,,,,18,F Torres,BAR,1,,Du,,,,,,,,,,,,,,,,,,,,,,,,,,,,,,,,,,
19,Kolo Muani,TOT,0,,Sa,,,,,,,19,Semenyo,BOU,0,,Du,,,,,,,,,,,,,,,,,,,,,,,,,,,,,,,,,,
20,Solanke,TOT,0,,Sa,,,,,,,20,I Thiago,BRN,0,,Sa,,,,,,,,,,,,,,,,,,,,,,,,,,,,,,,,,,
,,,,,,,,,,,,,,,,,,,,,,,,,,,,,,,,,,,,,,,,,,,,,,,,,,,
,,,,,,,,,,,,,,,,,,,,,,,,,,,,,,,,,,,,,,,,,,,,,,,,,,,
RUBIN KAZAN,,R HOFBAUER,14,,3,,Etapa a 7-a,echipa,puncte,,,RAPID,,I FOCSANEANU,15,,3,,Etapa a 7-a,echipa,puncte,,,,,,,,,,,,,,,,,,,,,,,,,,,,,,
PORTARI,,,,,,,LAZIO,LAZ,,0,,PORTARI,,,,,,,REAL M,RM,,0,,,,,,,,,,,,,,,,,,,,,,,,,,,,,
1,AS ROMA,ROM,1,,Du,,VV Dijk,LIV,0,,,1,REAL M,RM,0,,Sa,,Orban,LPZ,0,,,,,,,,,,,,,,,,,,,,,,,,,,,,,,
2,LAZIO,LAZ,0,,Lu,,Calafiori,ARS,0,,,2,NEWCASTLE,NEW,3,,Du,,De Cuyper,BRI,0,,,,,,,,,,,,,,,,,,,,,,,,,,,,,,
FUNDASI,,,,,#N/A,,Saliba,ARS,0,,,FUNDASI,,,,,#N/A,,Marusic,LAZ,0,,,,,,,,,,,,,,,,,,,,,,,,,,,,,,
3,VV Dijk,LIV,0,,Sa,,Golovin,MON,0,,,3,Orban,LPZ,0,,Sa,,Sancet,BIL,0,,,,,,,,,,,,,,,,,,,,,,,,,,,,,,
4,Calafiori,ARS,0,,Sa,,N Paz,COM,0,,,4,De Cuyper,BRI,0,,Sa,,Tolisso,LYO,0,,,,,,,,,,,,,,,,,,,,,,,,,,,,,,
5,P Porro,TOT,0,,Sa,,Lee JS,MAI,0,,,5,Marusic,LAZ,0,,Lu,,Kevin,FUL,0,,,,,,,,,,,,,,,,,,,,,,,,,,,,,,
6,Ratiu,VLC,0,,Sa,,Vitinha,PSG,0,,,6,Lala,BRE,0,,Du,,Baena,AM,0,,,,,,,,,,,,,,,,,,,,,,,,,,,,,,
7,Saliba,ARS,0,,Sa,,J Pedro,CHE,1,,,7,M Rubio,ESP,0,,Du,,Aubameyang,OM,0,,,,,,,,,,,,,,,,,,,,,,,,,,,,,,
MIJLOCASI,,,,,#N/A,,Dembele,PSG,0,,,MIJLOCASI,,,,,#N/A,,M Kean,FIO,0,,,,,,,,,,,,,,,,,,,,,,,,,,,,,,
8,Palmer,CHE,0,,Sa,,Bulter,KOL,0,,,8,Sancet,BIL,0,,Sa,,J Alvarez,AM,1,,,,,,,,,,,,,,,,,,,,,,,,,,,,,,
9,N Paz,COM,0,,Sa,PUNCTE,11,scor,1,0,,9,Tolisso,LYO,0,,Du,PUNCTE,12,scor,1,0,,,,,,,,,,,,,,,,,,,,,,,,,,,,,
10,Odegaard,ARS,0,,Sa,,formula,343,,,,10,Hein,MET,0,,Du,,formula,343,,,,,,,,,,,,,,,,,,,,,,,,,,,,,,,
11,Vitinha,PSG,0,,Sa,,,,,,,11,Suzuki,FRE,0,,Sa,,,,,,,,,,,,,,,,,,,,,,,,,,,,,,,,,,
12,J Neves,PSG,0,,Sa,,,,,,,12,Kevin,FUL,0,,Sa,,,,,,,,,,,,,,,,,,,,,,,,,,,,,,,,,,
13,Lee JS,MAI,0,,Sa,,,,,,,13,El Aynaoui,ROM,0,,Du,,,,,,,,,,,,,,,,,,,,,,,,,,,,,,,,,,
14,Golovin,MON,0,,Sa,,,,,,,14,Baena,AM,0,,Sa,,,,,,,,,,,,,,,,,,,,,,,,,,,,,,,,,,
ATACANTI,,,,,#N/A,,,,,,,ATACANTI,,,,,#N/A,,,,,,,,,,,,,,,,,,,,,,,,,,,,,,,,,,
15,Dembele,PSG,0,,Sa,,,,,,,15,J Alvarez,AM,1,,Sa,,,,,,,,,,,,,,,,,,,,,,,,,,,,,,,,,,
16,J Pedro,CHE,1,,Sa,,,,,,,16,M Kean,FIO,0,,Du,,,,,,,,,,,,,,,,,,,,,,,,,,,,,,,,,,
17,Richarlison,TOT,0,,Sa,,,,,,,17,Aubameyang,OM,0,,Sa,,,,,,,,,,,,,,,,,,,,,,,,,,,,,,,,,,
18,Bulter,KOL,0,,Du,,,,,,,18,A Perez,VIL,1,,Sa,,,,,,,,,,,,,,,,,,,,,,,,,,,,,,,,,,
19,Gakpo,LIV,0,,Sa,,,,,,,19,Kleindienst,MNG,0,,Sa,,,,,,,,,,,,,,,,,,,,,,,,,,,,,,,,,,
20,Ferguson,ROM,0,,Du,,,,,,,20,N Williams,BIL,0,,Sa,,,,,,,,,,,,,,,,,,,,,,,,,,,,,,,,,,
,,,,,,,,,,,,,,,,,,,,,,,,,,,,,,,,,,,,,,,,,,,,,,,,,,,
,,,,,,,,,,,,,,,,,,,,,,,,,,,,,,,,,,,,,,,,,,,,,,,,,,,
RTM CHIAJNA,,R TUDOR,3,,1,,Etapa a 7-a,echipa,puncte,,,ATLETICO DRAGALINA,,G BERCEANU,21,,3,,Etapa a 7-a,echipa,puncte,,,,,,,,,,,,,,,,,,,,,,,,,,,,,,
PORTARI,,,,,,,LENS,JUV,,0,,PORTARI,,,,,,,MAN CITY,MC,,1,,,,,,,,,,,,,,,,,,,,,,,,,,,,,
1,JUVENTUS,JUV,1,,Sa,,Bard,NIC,0,,,1,MAN CITY,MC,1,,Du,,Grimaldo,BL,0,,,,,,,,,,,,,,,,,,,,,,,,,,,,,,
2,LENS,LEN,0,,Du,,Methalie,TOU,0,,,2,CHELSEA,CHE,0,,Sa,,Sugawara,WB,0,,,,,,,,,,,,,,,,,,,,,,,,,,,,,,
FUNDASI,,,,,#N/A,,Wesley,ROM,0,,,FUNDASI,,,,,#N/A,,Cucurella,CHE,0,,,,,,,,,,,,,,,,,,,,,,,,,,,,,,
3,F Doucoure,LH,0,,Du,,Haraldsson,LIL,0,,,3,Frimpong,LIV,0,,Sa,,Zaccagni,LAZ,1,,,,,,,,,,,,,,,,,,,,,,,,,,,,,,
4,Wesley,ROM,0,,Du,,Thielmann,KOL,0,,,4,Grimaldo,BL,0,,Sa,,Palazon,VLC,0,,,,,,,,,,,,,,,,,,,,,,,,,,,,,,
5,Methalie,TOU,0,,Du,,Schmid,WB,0,,,5,Cucurella,CHE,0,,Sa,,Del Castillo,BRE,0,,,,,,,,,,,,,,,,,,,,,,,,,,,,,,
6,Bard,NIC,0,,Sa,,Komur,AUG,0,,,6,Di Lorenzo,NAP,0,,Sa,,Almada,AM,1,,,,,,,,,,,,,,,,,,,,,,,,,,,,,,
7,Cambiaso,JUV,0,,Sa,,H Duro,VAL,0,,,7,Sugawara,WB,0,,Sa,,Haaland,MC,2,,,,,,,,,,,,,,,,,,,,,,,,,,,,,,
MIJLOCASI,,,,,#N/A,,Evanilson,BOU,0,,,MIJLOCASI,,,,,#N/A,,Mbeumo,MU,0,,,,,,,,,,,,,,,,,,,,,,,,,,,,,,
8,Doan,FRA,0,,Sa,,Schick,BL,0,,,8,Zaccagni,LAZ,1,,Lu,,Oyarzabal,SOC,0,,,,,,,,,,,,,,,,,,,,,,,,,,,,,,
9,Haraldsson,LIL,0,,Du,PUNCTE,2,,0,0,,9,Almada,AM,1,,Sa,PUNCTE,18,scor,4,1,,,,,,,,,,,,,,,,,,,,,,,,,,,,,
10,Komur,AUG,0,,Vi,,formula,343,,,,10,Oroz,OSA,0,,Lu,,formula,343,,,,,,,,,,,,,,,,,,,,,,,,,,,,,,,
11,Schmid,WB,0,,Sa,,,,,,,11,Palazon,VLC,0,,Sa,,,,,,,,,,,,,,,,,,,,,,,,,,,,,,,,,,
12,Thielmann,KOL,0,,Du,,,,,,,12,Del Castillo,BRE,0,,Du,,,,,,,,,,,,,,,,,,,,,,,,,,,,,,,,,,
13,Dewsbury-Hall,EVE,0,,Lu,,,,,,,13,Vargas,SEV,0,,Sa,,,,,,,,,,,,,,,,,,,,,,,,,,,,,,,,,,
14,Vlasic,TOR,0,,Du,,,,,,,14,Lee Kang-In,PSG,0,,Sa,,,,,,,,,,,,,,,,,,,,,,,,,,,,,,,,,,
ATACANTI,,,,,#N/A,,,,,,,ATACANTI,,,,,#N/A,,,,,,,,,,,,,,,,,,,,,,,,,,,,,,,,,,
15,Schick,BL,0,,Sa,,,,,,,15,Haaland,MC,2,,Du,,,,,,,,,,,,,,,,,,,,,,,,,,,,,,,,,,
16,M Thuram,INT,0,,Du,,,,,,,16,Mikautadze,VIL,0,,Sa,,,,,,,,,,,,,,,,,,,,,,,,,,,,,,,,,,
17,Evanilson,BOU,0,,Du,,,,,,,17,Mbeumo,MU,0,,Sa,,,,,,,,,,,,,,,,,,,,,,,,,,,,,,,,,,
18,H Duro,VAL,0,,Sa,,,,,,,18,Oyarzabal,SOC,0,,Sa,,,,,,,,,,,,,,,,,,,,,,,,,,,,,,,,,,
19,N Pepe,VIL,0,,Sa,,,,,,,19,Embolo,REN,0,,Du,,,,,,,,,,,,,,,,,,,,,,,,,,,,,,,,,,
20,Wahi,FRA,0,,Sa,,,,,,,20,Garnacho,CHE,0,,Sa,,,,,,,,,,,,,,,,,,,,,,,,,,,,,,,,,,
,,,,,,,,,,,,,,,,,,,,,,,,,,,,,,,,,,,,,,,,,,,,,,,,,,,
,,,,,,,,,,,,,,,,,,,,,,,,,,,,,,,,,,,,,,,,,,,,,,,,,,,
AS STEAUA FERENTARI,,F CEAFALAU,14,,1,,Etapa a 7-a,echipa,puncte,,,THE GUNNERS,,D SONERIU,19,,3,,Etapa a 7-a,echipa,puncte,,,,,,,,,,,,,,,,,,,,,,,,,,,,,,
PORTARI,,,,,,,BARCELONA,BAR,,1,,PORTARI,,,,,,,VILLAREAL,VIL,,0,,,,,,,,,,,,,,,,,,,,,,,,,,,,,
1,BARCELONA,BAR,1,,Du,,Kounde,BAR,0,,,1,LYON,LYO,0,,Du,,Kubler,FRE,0,,,,,,,,,,,,,,,,,,,,,,,,,,,,,,
2,ATALANTA,ATA,1,,Sa,,Beste,FRE,0,,,2,VILLAREAL,VIL,0,,Sa,,Diks,MNG,0,,,,,,,,,,,,,,,,,,,,,,,,,,,,,,
FUNDASI,,,,,#N/A,,Chalobah,CHE,0,,,FUNDASI,,,,,#N/A,,Cabrera,ESP,0,,,,,,,,,,,,,,,,,,,,,,,,,,,,,,
3,Chalobah,CHE,0,,Sa,,El Mala,KOL,1,,,3,Kubler,FRE,0,,Sa,,A Santos,CHE,0,,,,,,,,,,,,,,,,,,,,,,,,,,,,,,
4,R Gomes,WLV,0,,Sa,,Fermin L,BAR,0,,,4,Diks,MNG,0,,Sa,,Uzun,FRA,0,,,,,,,,,,,,,,,,,,,,,,,,,,,,,,
5,Kounde,BAR,0,,Du,,Amiri,MAI,0,,,5,Cabrera,ESP,0,,Du,,Guler,RM,0,,,,,,,,,,,,,,,,,,,,,,,,,,,,,,
6,Ruibal,BET,0,,Du,,E Fernandez,CHE,0,,,6,Muheim,HMB,0,,Du,,Anguissa,NAP,0,,,,,,,,,,,,,,,,,,,,,,,,,,,,,,
7,Beste,FRE,0,,Sa,,L Diaz,BM,0,,,7,Rrahmani,NAP,0,,Sa,,Mbappe,RM,2,,,,,,,,,,,,,,,,,,,,,,,,,,,,,,
MIJLOCASI,,,,,#N/A,,Ekitike,LIV,0,,,MIJLOCASI,,,,,#N/A,,Barcola,PSG,0,,,,,,,,,,,,,,,,,,,,,,,,,,,,,,
8,Olmo,BAR,0,,Du,,Marmoush,MC,0,,,8,De Bruyne,NAP,0,,Sa,,Kramaric,HOF,0,,,,,,,,,,,,,,,,,,,,,,,,,,,,,,
9,Amiri,MAI,0,,Sa,PUNCTE,13,scor,1,1,,9,Uzun,FRA,0,,Sa,PUNCTE,16,scor,2,0,,,,,,,,,,,,,,,,,,,,,,,,,,,,,
10,E Fernandez,CHE,0,,Sa,,formula,343,,,,10,Guler,RM,0,,Sa,,formula,343,,,,,,,,,,,,,,,,,,,,,,,,,,,,,,,
11,Ben Seghir,BL,0,,Sa,,,,,,,11,H Traore,OM,0,,Sa,,,,,,,,,,,,,,,,,,,,,,,,,,,,,,,,,,
12,Fermin L,BAR,0,,Du,,,,,,,12,Anguissa,NAP,0,,Sa,,,,,,,,,,,,,,,,,,,,,,,,,,,,,,,,,,
13,Karabec,LYO,0,,Du,,,,,,,13,A Santos,CHE,0,,Sa,,,,,,,,,,,,,,,,,,,,,,,,,,,,,,,,,,
14,El Mala,KOL,1,,Du,,,,,,,14,Smith Rowe,FUL,0,,Sa,,,,,,,,,,,,,,,,,,,,,,,,,,,,,,,,,,
ATACANTI,,,,,#N/A,,,,,,,ATACANTI,,,,,#N/A,,,,,,,,,,,,,,,,,,,,,,,,,,,,,,,,,,
15,L Diaz,BM,0,,Sa,,,,,,,15,Mbappe,RM,2,,Sa,,,,,,,,,,,,,,,,,,,,,,,,,,,,,,,,,,
16,Ekitike,LIV,0,,Sa,,,,,,,16,Barcola,PSG,0,,Sa,,,,,,,,,,,,,,,,,,,,,,,,,,,,,,,,,,
17,Marmoush,MC,0,,Du,,,,,,,17,Puado,ESP,0,,Du,,,,,,,,,,,,,,,,,,,,,,,,,,,,,,,,,,
18,Boniface,WB,0,,Sa,,,,,,,18,Scamacca,ATA,0,,Sa,,,,,,,,,,,,,,,,,,,,,,,,,,,,,,,,,,
19,S Larsen,WLV,0,,Sa,,,,,,,19,B Johnson,TOT,0,,Sa,,,,,,,,,,,,,,,,,,,,,,,,,,,,,,,,,,
20,Vlahovic,JUV,0,,Sa,,,,,,,20,Kramaric,HOF,0,,Du,,,,,,,,,,,,,,,,,,,,,,,,,,,,,,,,,,
,,,,,,,,,,,,,,,,,,,,,,,,,,,,,,,,,,,,,,,,,,,,,,,,,,,
,,,,,,,,,,,,,,,,,,,,,,,,,,,,,,,,,,,,,,,,,,,,,,,,,,,
METALU' BOB,,A BOBEICA,13,,3,,Etapa a 7-a,echipa,puncte,,,FC HUTU,,M HUTU,14,,1,,Etapa a 7-a,echipa,puncte,,,,,,,,,,,,,,,,,,,,,,,,,,,,,,
PORTARI,,,,,,,LILLE,LIL,,0,,PORTARI,,,,,,,BOLOGNA,BOL,,1,,,,,,,,,,,,,,,,,,,,,,,,,,,,,
1,LILLE,LIL,0,,Du,,Dorgu,MU,0,,,1,BOLOGNA,BOL,1,,Du,,Milenkovic,NOT,0,,,,,,,,,,,,,,,,,,,,,,,,,,,,,,
2,TOTTENHAM,TOT,1,,Sa,,M Alonso,CEL,0,,,2,MAN UTD,MU,2,,Sa,,Guehi,CP,0,,,,,,,,,,,,,,,,,,,,,,,,,,,,,,
FUNDASI,,,,,#N/A,,Gvardiol,MC,0,,,FUNDASI,,,,,#N/A,,Huijsen,RM,0,,,,,,,,,,,,,,,,,,,,,,,,,,,,,,
3,Gvardiol,MC,0,,Du,,Grifo,FRE,0,,,3,Bremer,JUV,0,,Sa,,McTomminay,NAP,0,,,,,,,,,,,,,,,,,,,,,,,,,,,,,,
4,Del Prato,PAR,0,,Du,,Grealish,EVE,0,,,4,Huijsen,RM,0,,Sa,,B Fernandes,MU,0,,,,,,,,,,,,,,,,,,,,,,,,,,,,,,
5,L Vazquez,BL,0,,Sa,,Cherki,MC,0,,,5,Milenkovic,NOT,0,,Sa,,Paqueta,WH,1,,,,,,,,,,,,,,,,,,,,,,,,,,,,,,
6,Dorgu,MU,0,,Sa,,Soucek,WH,1,,,6,Guehi,CP,0,,Sa,,Szoboszlai,LIV,0,,,,,,,,,,,,,,,,,,,,,,,,,,,,,,
7,M Alonso,CEL,0,,Du,,Sorloth,AM,0,,,7,Senesi,BOU,0,,Du,,H Kane,BM,0,,,,,,,,,,,,,,,,,,,,,,,,,,,,,,
MIJLOCASI,,,,,#N/A,,Gyokeres,ARS,1,,,MIJLOCASI,,,,,#N/A,,Vinicius Jr,RM,0,,,,,,,,,,,,,,,,,,,,,,,,,,,,,,
8,Grifo,FRE,0,,Sa,,Balogun,MON,0,,,8,McTomminay,NAP,0,,Sa,,Saka,ARS,0,,,,,,,,,,,,,,,,,,,,,,,,,,,,,,
9,Cherki,MC,0,,Du,PUNCTE,10,scor,2,0,,9,B Fernandes,MU,0,,Sa,PUNCTE,13,scor,1,1,,,,,,,,,,,,,,,,,,,,,,,,,,,,,
10,Soucek,WH,1,,Du,,formula,343,,,,10,Paqueta,WH,1,,Du,,formula,343,,,,,,,,,,,,,,,,,,,,,,,,,,,,,,,
11,Grealish,EVE,0,,Lu,,,,,,,11,H Barnes,NEW,0,,Du,,,,,,,,,,,,,,,,,,,,,,,,,,,,,,,,,,
12,Claude-Maurice,AUG,0,,Vi,,,,,,,12,Szoboszlai,LIV,0,,Sa,,,,,,,,,,,,,,,,,,,,,,,,,,,,,,,,,,
13,Valverde,RM,0,,Sa,,,,,,,13,MacAllister,LIV,0,,Sa,,,,,,,,,,,,,,,,,,,,,,,,,,,,,,,,,,
14,Pogba,MON,0,,Sa,,,,,,,14,D Rice,ARS,1,,Sa,,,,,,,,,,,,,,,,,,,,,,,,,,,,,,,,,,
ATACANTI,,,,,#N/A,,,,,,,ATACANTI,,,,,#N/A,,,,,,,,,,,,,,,,,,,,,,,,,,,,,,,,,,
15,Gyokeres,ARS,1,,Sa,,,,,,,15,H Kane,BM,0,,Sa,,,,,,,,,,,,,,,,,,,,,,,,,,,,,,,,,,
16,Sorloth,AM,0,,Sa,,,,,,,16,Vinicius Jr,RM,0,,Sa,,,,,,,,,,,,,,,,,,,,,,,,,,,,,,,,,,
17,Wood,NOT,0,,Sa,,,,,,,17,Saka,ARS,0,,Sa,,,,,,,,,,,,,,,,,,,,,,,,,,,,,,,,,,
18,Panichelli,STR,0,,Du,,,,,,,18,Jackson,BM,1,,Sa,,,,,,,,,,,,,,,,,,,,,,,,,,,,,,,,,,
19,Balogun,MON,0,,Sa,,,,,,,19,Sesko,MU,0,,Sa,,,,,,,,,,,,,,,,,,,,,,,,,,,,,,,,,,
20,Lookman,ATA,0,,Sa,,,,,,,20,Ndiaye,EVE,1,,Lu,,,,,,,,,,,,,,,,,,,,,,,,,,,,,,,,,,
,,,,,,,,,,,,,,,,,,,,,,,,,,,,,,,,,,,,,,,,,,,,,,,,,,,
,,,,,,,,5n,,,,,,,,,,,,,,,,,,,,,,,,,,,,,,,,,,,,,,,,,,,
IONEL MESSI,,B CHIRILA,19,,1,,Etapa a 7-a,echipa,puncte,,,JUVERPOOL,,G DINCA,14,,3,,Etapa a 7-a,echipa,puncte,,,,,,,,,,,,,,,,,,,,,,,,,,,,,,
PORTARI,,,,,,,NAPOLI,NAP,,0,,PORTARI,,,,,,,INTER M,INT,,1,,,,,,,,,,,,,,,,,,,,,,,,,,,,,
1,NAPOLI,NAP,0,,Sa,,Baku,LPZ,0,,,1,INTER M,INT,1,,Du,,Cresswell,TOU,0,,,,,,,,,,,,,,,,,,,,,,,,,,,,,,
2,COMO,COM,0,,Sa,,Dimarco,INT,0,,,2,AC MILAN,MIL,0,,Du,,Oppie,STP,0,,,,,,,,,,,,,,,,,,,,,,,,,,,,,,
FUNDASI,,,,,#N/A,,Guerreiro,BM,0,,,FUNDASI,,,,,#N/A,,Dumfries,INT,0,,,,,,,,,,,,,,,,,,,,,,,,,,,,,,
3,Dimarco,INT,0,,Du,,Akliouche,MON,0,,,3,Dumfries,INT,0,,Du,,Sulc,LYO,0,,,,,,,,,,,,,,,,,,,,,,,,,,,,,,
4,Guerreiro,BM,0,,Sa,,Nusa,LPZ,0,,,4,Kristensen,FRA,2,,Sa,,Kebbal,PRS,0,,,,,,,,,,,,,,,,,,,,,,,,,,,,,,
5,Baku,LPZ,0,,Sa,,Baumgartner,LPZ,0,,,5,TA Arnold,RM,0,,Sa,,Arambarri,GET,0,,,,,,,,,,,,,,,,,,,,,,,,,,,,,,
6,Vojvoda,COM,0,,Sa,,Foden,MC,0,,,6,Cresswell,TOU,0,,Du,,Brugue,LEV,0,,,,,,,,,,,,,,,,,,,,,,,,,,,,,,
7,Lejeune,VLC,0,,Sa,,L Martinez,INT,0,,,7,Oppie,STP,0,,Sa,,Guirassy,DOR,1,,,,,,,,,,,,,,,,,,,,,,,,,,,,,,
MIJLOCASI,,,,,#N/A,,Greenwood,OM,0,,,MIJLOCASI,,,,,#N/A,,Amoura,WOL,2,,,,,,,,,,,,,,,,,,,,,,,,,,,,,,
8,Akliouche,MON,0,,Sa,,Hojlund,NAP,0,,,8,Wissa,NEW,0,,Du,,Gnabry,BM,1,,,,,,,,,,,,,,,,,,,,,,,,,,,,,,
9,Foden,MC,0,,Du,PUNCTE,18,scor,0,0,,9,Kebbal,PRS,0,,Sa,PUNCTE,11,scor,4,1,,,,,,,,,,,,,,,,,,,,,,,,,,,,,
10,Hack,MNG,0,,Sa,,formula,343,,,,10,Arambarri,GET,0,,Vi,,formula,343,,,,,,,,,,,,,,,,,,,,,,,,,,,,,,,
11,Blas,REN,0,,Du,,,,,,,11,Sulc,LYO,0,,Du,,,,,,,,,,,,,,,,,,,,,,,,,,,,,,,,,,
12,Honorat,MNG,0,,Sa,,,,,,,12,Isco,BET,0,,Du,,,,,,,,,,,,,,,,,,,,,,,,,,,,,,,,,,
13,Baumgartner,LPZ,0,,Sa,,,,,,,13,Brugue,LEV,0,,Du,,,,,,,,,,,,,,,,,,,,,,,,,,,,,,,,,,
14,Nusa,LPZ,0,,Sa,,,,,,,14,Boving,MAI,0,,Sa,,,,,,,,,,,,,,,,,,,,,,,,,,,,,,,,,,
ATACANTI,,,,,#N/A,,,,,,,ATACANTI,,,,,#N/A,,,,,,,,,,,,,,,,,,,,,,,,,,,,,,,,,,
15,L Martinez,INT,0,,Du,,,,,,,15,Guirassy,DOR,1,,Vi,,,,,,,,,,,,,,,,,,,,,,,,,,,,,,,,,,
16,Greenwood,OM,0,,Sa,,,,,,,16,Fofana,LEN,0,,Du,,,,,,,,,,,,,,,,,,,,,,,,,,,,,,,,,,
17,Demirovic,STU,0,,Sa,,,,,,,17,Amoura,WOL,2,,Du,,,,,,,,,,,,,,,,,,,,,,,,,,,,,,,,,,
18,Castellanos,LAZ,0,,Lu,,,,,,,18,Gnabry,BM,1,,Sa,,,,,,,,,,,,,,,,,,,,,,,,,,,,,,,,,,
19,Cunha,MU,0,,Sa,,,,,,,19,Lukaku,NAP,0,,Sa,,,,,,,,,,,,,,,,,,,,,,,,,,,,,,,,,,
20,Hojlund,NAP,0,,Sa,,,,,,,20,Vanat,GIR,0,,Vi,,,,,,,,,,,,,,,,,,,,,,,,,,,,,,,,,,
,,,,,,,,,,,,,,,,,,,,,,,,,,,,,,,,,,,,,,,,,,,,,,,,,,,
,,,,,,,,,,,,,,,,,,,,,,,,,,,,,,,,,,,,,,,,,,,,,,,,,,,
"TEI, CARTIER DE TREI LEI",,I ALEXANDRU,16,,3,,Etapa a 7-a,echipa,,,,PAVEL NEDVED,,D ROSU,19,,3,,Etapa a 7-a,echipa,puncte,,,,,,,,,,,,,,,,,,,,,,,,,,,,,,
PORTARI,,,,,,,BAYERN M,BM,,0,,PORTARI,,,,,,,BILBAO,BIL,,3,,,,,,,,,,,,,,,,,,,,,,,,,,,,,
1,BAYERN M,BM,0,,Sa,,Hakimi,PSG,0,,,1,BILBAO,BIL,3,,Sa,,Schar,NEW,0,,,,,,,,,,,,,,,,,,,,,,,,,,,,,,
2,LEIPZIG,LPZ,1,,Sa,,Diakite,BOU,0,,,2,NICE,NIC,1,,Sa,,Timber,ARS,0,,,,,,,,,,,,,,,,,,,,,,,,,,,,,,
FUNDASI,,,,,#N/A,,Gabriel,ARS,0,,,FUNDASI,,,,,#N/A,,Van de Ven,TOT,0,,,,,,,,,,,,,,,,,,,,,,,,,,,,,,
3,Hakimi,PSG,0,,Sa,,X Simons,TOT,0,,,3,Schar,NEW,0,,Du,,Olise,BM,0,,,,,,,,,,,,,,,,,,,,,,,,,,,,,,
4,Gabriel,ARS,0,,Sa,,Kaminski,KOL,1,,,4,Romero,TOT,0,,Sa,,Eze,ARS,0,,,,,,,,,,,,,,,,,,,,,,,,,,,,,,
5,Diakite,BOU,0,,Du,,Minamino,MON,0,,,5,Van de Ven,TOT,0,,Sa,,Calhanoglu,INT,0,,,,,,,,,,,,,,,,,,,,,,,,,,,,,,
6,Zehnter,WOL,0,,Du,,Tavernier,BOU,0,,,6,Timber,ARS,0,,Sa,,B Guimaraes,NEW,0,,,,,,,,,,,,,,,,,,,,,,,,,,,,,,
7,Estupinan,MIL,0,,Du,,I Sarr,CP,0,,,7,Savona,NOT,2,,Sa,,Lepaul,REN,3,,,,,,,,,,,,,,,,,,,,,,,,,,,,,,
MIJLOCASI,,,,,#N/A,,Bowen,WH,0,,,MIJLOCASI,,,,,#N/A,,Burkardt,FRA,0,,,,,,,,,,,,,,,,,,,,,,,,,,,,,,
8,X Simons,TOT,0,,Sa,,Soule,ROM,0,,,8,Olise,BM,0,,Sa,,Romulo,LPZ,1,,,,,,,,,,,,,,,,,,,,,,,,,,,,,,
9,Minamino,MON,0,,Sa,PUNCTE,13,scor,1,0,,9,Eze,ARS,0,,Sa,PUNCTE,16,scor,4,3,,,,,,,,,,,,,,,,,,,,,,,,,,,,,
10,Kaminski,KOL,1,,Du,,formula,343,,,,10,Calhanoglu,INT,0,,Du,,formula,343,,,,,,,,,,,,,,,,,,,,,,,,,,,,,,,
11,H Elliot,AV,0,,Sa,,,,,,,11,B Guimaraes,NEW,0,,Du,,,,,,,,,,,,,,,,,,,,,,,,,,,,,,,,,,
12,Tavernier,BOU,0,,Du,,,,,,,12,Modric,MIL,0,,Du,,,,,,,,,,,,,,,,,,,,,,,,,,,,,,,,,,
13,Zhegrova,JUV,0,,Sa,,,,,,,13,Pasalic,ATA,0,,Sa,,,,,,,,,,,,,,,,,,,,,,,,,,,,,,,,,,
14,Mandragora,FIO,0,,Du,,,,,,,14,Zakaria,MON,0,,Sa,,,,,,,,,,,,,,,,,,,,,,,,,,,,,,,,,,
ATACANTI,,,,,#N/A,,,,,,,ATACANTI,,,,,#N/A,,,,,,,,,,,,,,,,,,,,,,,,,,,,,,,,,,
15,Isak,LIV,0,,Sa,,,,,,,15,Emegha,STR,0,,Du,,,,,,,,,,,,,,,,,,,,,,,,,,,,,,,,,,
16,Bowen,WH,0,,Du,,,,,,,16,Burkardt,FRA,0,,Sa,,,,,,,,,,,,,,,,,,,,,,,,,,,,,,,,,,
17,Soule,ROM,0,,Du,,,,,,,17,Romulo,LPZ,1,,Sa,,,,,,,,,,,,,,,,,,,,,,,,,,,,,,,,,,
18,Bahoya,FRA,0,,Sa,,,,,,,18,Lepaul,REN,3,,Du,,,,,,,,,,,,,,,,,,,,,,,,,,,,,,,,,,
19,I Sarr,CP,0,,Sa,,,,,,,19,Openda,JUV,0,,Sa,,,,,,,,,,,,,,,,,,,,,,,,,,,,,,,,,,
20,Hountondji,STP,0,,Sa,,,,,,,20,R Leao,MIL,0,,Du,,,,,,,,,,,,,,,,,,,,,,,,,,,,,,,,,,
,,,,,,,,,,,,,,,,,,,,,,,,,,,,,,,,,,,,,,,,,,,,,,,,,,,
,,,,,,,,,,,,,,,,,,,,,,,,,,,,,,,,,,,,,,,,,,,,,,,,,,,
FC ROMANIA,,ROM,#N/A,,#N/A,,Etapa a 1-a,,puncte,,,,,,,,,,,,,,,,,,,,,,,,,,,,,,,,,,,,,,,,,,
PORTARI,,,,,,,,,,#N/A,,,,,,,,,,,,,,,,,,,,,,,,,,,,,,,,,,,,,,,,,
1,I Radu,CEL,,,,,,,#N/A,,,,,,,,,,,,,,,,,,,,,,,,,,,,,,,,,,,,,,,,,,
2,M Popa,TOR,,,,,,,#N/A,,,,,,,,,,,,,,,,,,,,,,,,,,,,,,,,,,,,,,,,,,
FUNDASI,,,,,,,,,#N/A,,,,,,,,,,,,,,,,,,,,,,,,,,,,,,,,,,,,,,,,,,
3,Dragusin,TOT,,,,,,,#N/A,,,,,,,,,,,,,,,,,,,,,,,,,,,,,,,,,,,,,,,,,,
4,Ratiu,VLC,,,,,,,#N/A,,,,,,,,,,,,,,,,,,,,,,,,,,,,,,,,,,,,,,,,,,
5,Akdag,TOU,,,,,,,#N/A,,,,,,,,,,,,,,,,,,,,,,,,,,,,,,,,,,,,,,,,,,
6,,,,,,,,,#N/A,,,,,,,,,,,,,,,,,,,,,,,,,,,,,,,,,,,,,,,,,,
7,,,,,,,,,#N/A,,,,,,,,,,,,,,,,,,,,,,,,,,,,,,,,,,,,,,,,,,
MIJLOCASI,,,,,,,,,#N/A,,,,,,,,,,,,,,,,,,,,,,,,,,,,,,,,,,,,,,,,,,
8,M Marin,PIS,,,,,,,#N/A,,,,,,,,,,,,,,,,,,,,,,,,,,,,,,,,,,,,,,,,,,
9,Stanciu,GEN,,,,PUNCTE,0,scor,#N/A,#N/A,,,,,,,,,,,,,,,,,,,,,,,,,,,,,,,,,,,,,,,,,
10,Boloca,SAS,,,,,formula,343,,,,,,,,,,,,,,,,,,,,,,,,,,,,,,,,,,,,,,,,,,,
11,,,,,,,,,,,,,,,,,,,,,,,,,,,,,,,,,,,,,,,,,,,,,,,,,,,
12,,,,,,,,,,,,,,,,,,,,,,,,,,,,,,,,,,,,,,,,,,,,,,,,,,,
13,,,,,,,,,,,,,,,,,,,,,,,,,,,,,,,,,,,,,,,,,,,,,,,,,,,
14,,,,,,,,,,,,,,,,,,,,,,,,,,,,,,,,,,,,,,,,,,,,,,,,,,,
ATACANTI,,,,,,,,,,,,,,,,,,,,,,,,,,,,,,,,,,,,,,,,,,,,,,,,,,,
15,,,,,,,,,,,,,,,,,,,,,,,,,,,,,,,,,,,,,,,,,,,,,,,,,,,
16,,,,,,,,,,,,,,,,,,,,,,,,,,,,,,,,,,,,,,,,,,,,,,,,,,,
17,,,,,,,,,,,,,,,,,,,,,,,,,,,,,,,,,,,,,,,,,,,,,,,,,,,
18,,,,,,,,,,,,,,,,,,,,,,,,,,,,,,,,,,,,,,,,,,,,,,,,,,,
19,,,,,,,,,,,,,,,,,,,,,,,,,,,,,,,,,,,,,,,,,,,,,,,,,,,
20,,,,,,,,,,,,,,,,,,,,,,,,,,,,,,,,,,,,,,,,,,,,,,,,,,,