BRITANICII,,D MOLAN,62,,3,,Etapa a 28-a,echipa,puncte,,,FC MUMU LU' TALPANU',,L MOLAN,50,,3,,Etapa a 28-a,echipa,puncte,,,,,,,,,,,,,,,,,,,,,,,,,,,,,Restante,Restante
PORTARI,,,,,,,GETAFE,GET,,2,,PORTARI,,,,,,,LIVERPOOL,LIV,,1,,,,,,,,,,,,,,,,,,,,,,,,,,,,,
1,ARSENAL,ARS,0,,Sa,,Bogle,LEE,0,,,1,LIVERPOOL,LIV,1,,Sa,,Munoz,CP,2,,,,,,,,,,,,,,,,,,,,,,,,,,,,,,
2,GETAFE,GET,2,,Sa,,Kehrer,MON,0,,,2,SOCIEDAD,SOC,3,,Du,,Abdi,NIC,0,,,,,,,,,,,,,,,,,,,,,,,,,,,,,,
FUNDASI,,,,,#N/A,,Krejci,WLV,0,,,FUNDASI,,,,,#N/A,,Clauss,NIC,0,,,,,,,,,,,,,,,,,,,,,,,,,,,,,,
3,Gosens,FIO,0,,Du,,Flemming,BUR,0,,,3,Munoz,CP,2,,Sa,,Mitoma,BRI,0,,,,,,,,,,,,,,,,,,,,,,,,,,,,,,
4,Raum,LPZ,0,,Vi,,Stage,WB,1,,,4,Abdi,NIC,0,,Du,,Pulisic,MIL,0,,,,,,,,,,,,,,,,,,,,,,,,,,,,,,
5,Bogle,LEE,0,DA,Mi,,Soler,SOC,0,,,5,E Garcia,BAR,0,,Sa,,Rabiot,MIL,0,,,,,,,,,,,,,,,,,,,,,,,,,,,,,,
6,Krejci,WLV,0,,Sa,,Wirtz,LIV,1,,,6,Clauss,NIC,0,,Du,,Schade,BRN,0,,,,,,,,,,,,,,,,,,,,,,,,,,,,,,
7,Kehrer,MON,0,,Sa,,Welbeck,BRI,1,,,7,J Tah,BM,0,,Sa,,Watkins,AV,0,,,,,,,,,,,,,,,,,,,,,,,,,,,,,,
MIJLOCASI,,,,,#N/A,,Endrick,LYO,0,,,MIJLOCASI,,,,,#N/A,,Salah,LIV,0,,,,,,,,,,,,,,,,,,,,,,,,,,,,,,
8,Wirtz,LIV,1,,Sa,,J David,JUV,0,,,8,Pulisic,MIL,0,,Du,,G Moreno,VIL,1,,,,,,,,,,,,,,,,,,,,,,,,,,,,,,
9,Tillman,BL,0,,Sa,PUNCTE,59,scor,3,2,,9,Mitoma,BRI,0,DA,Ma,PUNCTE,47,scor,3,1,,,,,,,,,,,,,,,,,,,,,,,,,,,,,
10,A Toure,LH,0,,Du,,formula,343,,,,10,Schade,BRN,0,,Lu,,formula,343,,,,,,,,,,,,,,,,,,,,,,,,,,,,,,,
11,D James,LEE,0,NU,Mi,,,,,,,11,Kudus,TOT,0,,Sa,,,,,,,,,,,,,,,,,,,,,,,,,,,,,,,,,,
12,Stage,WB,1,,Du,,,,,,,12,Rabiot,MIL,0,,Du,,,,,,,,,,,,,,,,,,,,,,,,,,,,,,,,,,
13,Soler,SOC,0,,Du,,,,,,,13,Musiala,BM,1,,Sa,,,,,,,,,,,,,,,,,,,,,,,,,,,,,,,,,,
14,Flemming,BUR,0,DA,Mi,,,,,,,14,Buendia,AV,0,,Sa,,,,,,,,,,,,,,,,,,,,,,,,,,,,,,,,,,
ATACANTI,,,,,#N/A,,,,,,,ATACANTI,,,,,#N/A,,,,,,,,,,,,,,,,,,,,,,,,,,,,,,,,,,
15,Raphinia,BAR,0,,Sa,,,,,,,15,Salah,LIV,0,,Sa,,,,,,,,,,,,,,,,,,,,,,,,,,,,,,,,,,
16,J David,JUV,0,,Du,,,,,,,16,Watkins,AV,0,,Sa,,,,,,,,,,,,,,,,,,,,,,,,,,,,,,,,,,
17,Woltemade,NEW,0,,Sa,,,,,,,17,B Iglesias,CEL,1,,Du,,,,,,,,,,,,,,,,,,,,,,,,,,,,,,,,,,
18,Welbeck,BRI,1,DA,Ma,,,,,,,18,Kalimuendo,FRA,0,,Sa,,,,,,,,,,,,,,,,,,,,,,,,,,,,,,,,,,
19,Endrick,LYO,0,,Sa,,,,,,,19,G Moreno,VIL,1,,Du,,,,,,,,,,,,,,,,,,,,,,,,,,,,,,,,,,
20,Delap,CHE,0,NU,Ma,,,,,,,20,Immobile,PRS,0,,Du,,,,,,,,,,,,,,,,,,,,,,,,,,,,,,,,,,
,,,,,,,,,,,,,,,,,,,,,,,,,,,,,,,,,,,,,,,,,,,,,,,,,,,
,,,,,,,,,,,,,,,,,,,,,,,,,,,,,,,,,,,,,,,,,,,,,,,,,,,
SLOBOZ,,A COSTEIU,54,,3,,Etapa a 28-a,echipa,puncte,,,THE CRYSTAL SHIP,,C ROSU,63,,0,,Etapa a 28-a,echipa,puncte,,,,,,,,,,,,,,,,,,,,,,,,,,,,,,
PORTARI,,,,,,,PARIS SG,PSG,,0,,PORTARI,,,,,,,ATLETICO M,AM,,2,,,,,,,,,,,,,,,,,,,,,,,,,,,,,
1,PARIS SG,PSG,0,,Sa,,Rudiger,RM,0,,,1,ATLETICO M,AM,2,,Sa,,Zortea,BOL,0,,,,,,,,,,,,,,,,,,,,,,,,,,,,,,
2,FIORENTINA,FIO,0,,Du,,Ait-Nouri,MC,0,,,2,BETIS,BET,1,,Vi,,Dodo,FIO,0,,,,,,,,,,,,,,,,,,,,,,,,,,,,,,
FUNDASI,,,,,#N/A,,Cubarsi,BAR,0,,,FUNDASI,,,,,#N/A,,C Augusto,INT,0,,,,,,,,,,,,,,,,,,,,,,,,,,,,,,
3,Schlotterbeck,AUG,0,,Sa,,Gibbs-White,NOT,1,,,3,Angelino,ROM,0,,Sa,,H Wilson,FUL,0,,,,,,,,,,,,,,,,,,,,,,,,,,,,,,
4,A Paredes,BIL,2,,Sa,,Cristante,ROM,0,,,4,Dodo,FIO,0,,Du,,Nebel,MAI,1,,,,,,,,,,,,,,,,,,,,,,,,,,,,,,
5,Ait-Nouri,MC,0,DA,Mi,,Bellingham,RM,0,,,5,Zortea,BOL,0,,Sa,,Brandt,DOR,0,,,,,,,,,,,,,,,,,,,,,,,,,,,,,,
6,Cubarsi,BAR,0,,Sa,,Kimmich,BM,0,,,6,C Augusto,INT,0,,Du,,De Ketelaere,ATA,0,,,,,,,,,,,,,,,,,,,,,,,,,,,,,,
7,Rudiger,RM,0,,Vi,,Yamal,BAR,0,,,7,Carvajal,RM,0,,Vi,,I Thiago,BRN,0,,,,,,,,,,,,,,,,,,,,,,,,,,,,,,
MIJLOCASI,,,,,#N/A,,Muriqi,MAL,0,,,MIJLOCASI,,,,,#N/A,,Budimir,OSA,0,,,,,,,,,,,,,,,,,,,,,,,,,,,,,,
8,Bellingham,RM,0,,Vi,,Mateta,CP,0,,,8,Nebel,MAI,1,,Sa,,F Torres,BAR,0,,,,,,,,,,,,,,,,,,,,,,,,,,,,,,
9,Reijnders,MC,0,NU,Mi,PUNCTE,51,scor,1,0,,9,Lo Celso,BET,0,,Vi,PUNCTE,63,scor,1,2,,,,,,,,,,,,,,,,,,,,,,,,,,,,,
10,O'Rilley,BRI,0,NU,Ma,,formula,343,,,,10,Brandt,DOR,0,,Du,,formula,343,,,,,,,,,,,,,,,,,,,,,,,,,,,,,,,
11,Gibbs-White,NOT,1,,Vi,,,,,,,11,Pedri,BAR,0,,Sa,,,,,,,,,,,,,,,,,,,,,,,,,,,,,,,,,,
12,Cristante,ROM,0,,Sa,,,,,,,12,Zubimendi,ARS,0,,Sa,,,,,,,,,,,,,,,,,,,,,,,,,,,,,,,,,,
13,Kimmich,BM,0,,Sa,,,,,,,13,De Ketelaere,ATA,0,,Lu,,,,,,,,,,,,,,,,,,,,,,,,,,,,,,,,,,
14,Joelinton,NEW,0,,Sa,,,,,,,14,H Wilson,FUL,0,,Sa,,,,,,,,,,,,,,,,,,,,,,,,,,,,,,,,,,
ATACANTI,,,,,#N/A,,,,,,,ATACANTI,,,,,#N/A,,,,,,,,,,,,,,,,,,,,,,,,,,,,,,,,,,
15,Yamal,BAR,0,,Sa,,,,,,,15,Lewandowski,BAR,0,,Sa,,,,,,,,,,,,,,,,,,,,,,,,,,,,,,,,,,
16,G Orban,VER,0,,Sa,,,,,,,16,Budimir,OSA,0,,Du,,,,,,,,,,,,,,,,,,,,,,,,,,,,,,,,,,
17,Mateta,CP,0,,Sa,,,,,,,17,Orsolini,BOL,0,,Sa,,,,,,,,,,,,,,,,,,,,,,,,,,,,,,,,,,
18,Berardi,SAS,0,,Du,,,,,,,18,F Torres,BAR,0,,Sa,,,,,,,,,,,,,,,,,,,,,,,,,,,,,,,,,,
19,Muriqi,MAL,0,,Sa,,,,,,,19,Semenyo,MC,0,NU,Mi,,,,,,,,,,,,,,,,,,,,,,,,,,,,,,,,,,
20,A Ilic,UB,0,,Vi,,,,,,,20,I Thiago,BRN,0,,Lu,,,,,,,,,,,,,,,,,,,,,,,,,,,,,,,,,,
,,,,,,,,,,,,,,,,,,,,,,,,,,,,,,,,,,,,,,,,,,,,,,,,,,,
,,,,,,,,,,,,,,,,,,,,,,,,,,,,,,,,,,,,,,,,,,,,,,,,,,,
RUBIN KAZAN,,R HOFBAUER,63,,1,,Etapa a 28-a,echipa,puncte,,,RAPID,,I FOCSANEANU,42,,1,,Etapa a 28-a,echipa,puncte,,,,,,,,,,,,,,,,,,,,,,,,,,,,,,
PORTARI,,,,,,,AS ROMA,ROM,,0,,PORTARI,,,,,,,REAL M,RM,,1,,,,,,,,,,,,,,,,,,,,,,,,,,,,,
1,AS ROMA,ROM,0,,Sa,,VV Dijk,LIV,0,,,1,REAL M,RM,1,,Vi,,Orban,LPZ,0,,,,,,,,,,,,,,,,,,,,,,,,,,,,,,
2,LAZIO,LAZ,3,,Lu,,P Porro,TOT,0,,,2,NEWCASTLE,NEW,1,,Sa,,Marusic,LAZ,0,,,,,,,,,,,,,,,,,,,,,,,,,,,,,,
FUNDASI,,,,,#N/A,,Saliba,ARS,0,,,FUNDASI,,,,,#N/A,,De Cuyper,BRI,0,,,,,,,,,,,,,,,,,,,,,,,,,,,,,,
3,VV Dijk,LIV,0,,Sa,,Palmer,CHE,0,,,3,Orban,LPZ,0,,Vi,,Da Cunha,COM,0,,,,,,,,,,,,,,,,,,,,,,,,,,,,,,
4,Calafiori,ARS,0,,Sa,,Golovin,MON,0,,,4,De Cuyper,BRI,0,DA,Ma,,Tolisso,LYO,1,,,,,,,,,,,,,,,,,,,,,,,,,,,,,,
5,P Porro,TOT,0,,Sa,,N Paz,COM,0,,,5,Marusic,LAZ,0,,Lu,,Sancet,BIL,0,,,,,,,,,,,,,,,,,,,,,,,,,,,,,,
6,Ratiu,VLC,0,,Du,,J Neves,PSG,0,,,6,Lala,BRE,0,,Vi,,Kevin,FUL,0,,,,,,,,,,,,,,,,,,,,,,,,,,,,,,
7,Saliba,ARS,0,,Sa,,Calvert-Lewin,LEE,0,,,7,M Rubio,ESP,0,,Lu,,Aubameyang,OM,0,,,,,,,,,,,,,,,,,,,,,,,,,,,,,,
MIJLOCASI,,,,,#N/A,,Dembele,PSG,0,,,MIJLOCASI,,,,,#N/A,,K Yildiz,JUV,0,,,,,,,,,,,,,,,,,,,,,,,,,,,,,,
8,Palmer,CHE,0,DA,Ma,,Gakpo,LIV,0,,,8,Sancet,BIL,0,,Sa,,J Alvarez,AM,0,,,,,,,,,,,,,,,,,,,,,,,,,,,,,,
9,N Paz,COM,0,,Du,PUNCTE,62,scor,0,0,,9,Tolisso,LYO,1,,Sa,PUNCTE,41,scor,1,1,,,,,,,,,,,,,,,,,,,,,,,,,,,,,
10,Odegaard,ARS,0,,Sa,,formula,343,,,,10,Hein,MET,2,,Du,,formula,343,,,,,,,,,,,,,,,,,,,,,,,,,,,,,,,
11,Zaniolo,UDI,0,,Lu,,,,,,,11,Suzuki,FRE,0,,Du,,,,,,,,,,,,,,,,,,,,,,,,,,,,,,,,,,
12,J Neves,PSG,0,,Sa,,,,,,,12,Kevin,FUL,0,,Sa,,,,,,,,,,,,,,,,,,,,,,,,,,,,,,,,,,
13,Lee JS,MAI,0,,Sa,,,,,,,13,Da Cunha,COM,0,,Du,,,,,,,,,,,,,,,,,,,,,,,,,,,,,,,,,,
14,Golovin,MON,0,,Sa,,,,,,,14,Baena,AM,0,,Sa,,,,,,,,,,,,,,,,,,,,,,,,,,,,,,,,,,
ATACANTI,,,,,#N/A,,,,,,,ATACANTI,,,,,#N/A,,,,,,,,,,,,,,,,,,,,,,,,,,,,,,,,,,
15,Dembele,PSG,0,,Sa,,,,,,,15,J Alvarez,AM,0,,Sa,,,,,,,,,,,,,,,,,,,,,,,,,,,,,,,,,,
16,J Pedro,CHE,0,NU,Ma,,,,,,,16,M Kean,FIO,0,,Du,,,,,,,,,,,,,,,,,,,,,,,,,,,,,,,,,,
17,Richarlison,TOT,0,,Sa,,,,,,,17,Aubameyang,OM,0,,Du,,,,,,,,,,,,,,,,,,,,,,,,,,,,,,,,,,
18,Douvikas,COM,0,,Du,,,,,,,18,Kroupi,BOU,1,NU,Mi,,,,,,,,,,,,,,,,,,,,,,,,,,,,,,,,,,
19,Gakpo,LIV,0,,Sa,,,,,,,19,K Yildiz,JUV,0,,Du,,,,,,,,,,,,,,,,,,,,,,,,,,,,,,,,,,
20,Calvert-Lewin,LEE,0,DA,Mi,,,,,,,20,N Williams,BIL,0,,Sa,,,,,,,,,,,,,,,,,,,,,,,,,,,,,,,,,,
,,,,,,,,,,,,,,,,,,,,,,,,,,,,,,,,,,,,,,,,,,,,,,,,,,,
,,,,,,,,,,,,,,,,,,,,,,,,,,,,,,,,,,,,,,,,,,,,,,,,,,,
RTM CHIAJNA,,R TUDOR,43,,3,,Etapa a 28-a,echipa,puncte,,,ATLETICO DRAGALINA,,G BERCEANU,65,,3,,Etapa a 28-a,echipa,puncte,,,,,,,,,,,,,,,,,,,,,,,,,,,,,,
PORTARI,,,,,,,LENS,LEN,,3,,PORTARI,,,,,,,MAN CITY,MC,,0,,,,,,,,,,,,,,,,,,,,,,,,,,,,,
1,JUVENTUS,JUV,0,,Du,,Bard,NIC,0,,,1,MAN CITY,MC,0,DA,Mi,,Frimpong,LIV,0,,,,,,,,,,,,,,,,,,,,,,,,,,,,,,
2,LENS,LEN,3,,Vi,,Cambiaso,JUV,0,,,2,CHELSEA,CHE,2,NU,Ma,,Cucurella,CHE,0,,,,,,,,,,,,,,,,,,,,,,,,,,,,,,
FUNDASI,,,,,#N/A,,Wesley,ROM,0,,,FUNDASI,,,,,#N/A,,Grimaldo,BL,0,,,,,,,,,,,,,,,,,,,,,,,,,,,,,,
3,F Doucoure,LH,2,,Du,,Dewsbury-Hall,EVE,1,,,3,Frimpong,LIV,0,,Sa,,Palazon,VLC,0,,,,,,,,,,,,,,,,,,,,,,,,,,,,,,
4,Wesley,ROM,0,,Sa,,Thielmann,KOL,0,,,4,Grimaldo,BL,0,,Sa,,Vargas,SEV,0,,,,,,,,,,,,,,,,,,,,,,,,,,,,,,
5,Methalie,TOU,0,,Sa,,Doan,FRA,1,,,5,Cucurella,CHE,0,DA,Ma,,Oroz,OSA,0,,,,,,,,,,,,,,,,,,,,,,,,,,,,,,
6,Bard,NIC,0,,Du,,Vlasic,TOR,1,,,6,Di Lorenzo,NAP,0,,Vi,,Lee Kang-In,PSG,1,,,,,,,,,,,,,,,,,,,,,,,,,,,,,,
7,Cambiaso,JUV,0,,Du,,M Thuram,INT,1,,,7,Sugawara,WB,0,,Du,,Haaland,MC,1,,,,,,,,,,,,,,,,,,,,,,,,,,,,,,
MIJLOCASI,,,,,#N/A,,Evanilson,BOU,0,,,MIJLOCASI,,,,,#N/A,,Embolo,REN,0,,,,,,,,,,,,,,,,,,,,,,,,,,,,,,
8,Doan,FRA,1,,Sa,,Wahi,NIC,1,,,8,Zaccagni,LAZ,0,,Lu,,Oyarzabal,SOC,2,,,,,,,,,,,,,,,,,,,,,,,,,,,,,,
9,Haraldsson,LIL,0,,Du,PUNCTE,40,,5,3,,9,Almada,AM,0,,Sa,PUNCTE,62,scor,4,0,,,,,,,,,,,,,,,,,,,,,,,,,,,,,
10,Komur,AUG,0,,Sa,,formula,343,,,,10,Oroz,OSA,0,,Du,,formula,343,,,,,,,,,,,,,,,,,,,,,,,,,,,,,,,
11,Schmid,WB,0,,Du,,,,,,,11,Palazon,VLC,0,,Du,,,,,,,,,,,,,,,,,,,,,,,,,,,,,,,,,,
12,Thielmann,KOL,0,,Sa,,,,,,,12,Del Castillo,BRE,0,,Vi,,,,,,,,,,,,,,,,,,,,,,,,,,,,,,,,,,
13,Dewsbury-Hall,EVE,1,,Sa,,,,,,,13,Vargas,SEV,0,,Du,,,,,,,,,,,,,,,,,,,,,,,,,,,,,,,,,,
14,Vlasic,TOR,1,,Du,,,,,,,14,Lee Kang-In,PSG,1,,Sa,,,,,,,,,,,,,,,,,,,,,,,,,,,,,,,,,,
ATACANTI,,,,,#N/A,,,,,,,ATACANTI,,,,,#N/A,,,,,,,,,,,,,,,,,,,,,,,,,,,,,,,,,,
15,Schick,BL,2,,Sa,,,,,,,15,Haaland,MC,1,DA,Mi,,,,,,,,,,,,,,,,,,,,,,,,,,,,,,,,,,
16,M Thuram,INT,1,,Du,,,,,,,16,Mikautadze,VIL,0,,Du,,,,,,,,,,,,,,,,,,,,,,,,,,,,,,,,,,
17,Evanilson,BOU,0,DA,Mi,,,,,,,17,Mbeumo,MU,0,,Lu,,,,,,,,,,,,,,,,,,,,,,,,,,,,,,,,,,
18,H Duro,VAL,0,,Sa,,,,,,,18,Oyarzabal,SOC,2,,Du,,,,,,,,,,,,,,,,,,,,,,,,,,,,,,,,,,
19,N Pepe,VIL,1,,Du,,,,,,,19,Embolo,REN,0,,Du,,,,,,,,,,,,,,,,,,,,,,,,,,,,,,,,,,
20,Wahi,NIC,1,,Du,,,,,,,20,Garnacho,CHE,0,NU,Ma,,,,,,,,,,,,,,,,,,,,,,,,,,,,,,,,,,
,,,,,,,,,,,,,,,,,,,,,,,,,,,,,,,,,,,,,,,,,,,,,,,,,,,
,,,,,,,,,,,,,,,,,,,,,,,,,,,,,,,,,,,,,,,,,,,,,,,,,,,
AS STEAUA FERENTARI,,F CEAFALAU,59,,3,,Etapa a 28-a,echipa,puncte,,,THE GUNNERS,,D SONERIU,65,,0,,Etapa a 28-a,echipa,puncte,,,,,,,,,,,,,,,,,,,,,,,,,,,,,,
PORTARI,,,,,,,Barcelona,ATA,,0,,PORTARI,,,,,,,LYON,LYO,,2,,,,,,,,,,,,,,,,,,,,,,,,,,,,,
1,BARCELONA,BAR,0,,Sa,,Ruibal,BET,0,,,1,LYON,LYO,2,,Sa,,Kubler,FRE,0,,,,,,,,,,,,,,,,,,,,,,,,,,,,,,
2,ATALANTA,ATA,3,,Lu,,Beste,FRE,0,,,2,VILLAREAL,VIL,1,,Du,,Diks,MNG,0,,,,,,,,,,,,,,,,,,,,,,,,,,,,,,
FUNDASI,,,,,#N/A,,Kounde,BAR,0,,,FUNDASI,,,,,#N/A,,Cabrera,ESP,0,,,,,,,,,,,,,,,,,,,,,,,,,,,,,,
3,Chalobah,CHE,0,NU,Ma,,El Mala,KOL,0,,,3,Kubler,FRE,0,,Du,,Promel,HOF,0,,,,,,,,,,,,,,,,,,,,,,,,,,,,,,
4,R Gomes,WLV,0,,Sa,,Amiri,MAI,0,,,4,Diks,MNG,0,,Sa,,De Bruyne,NAP,1,,,,,,,,,,,,,,,,,,,,,,,,,,,,,,
5,Kounde,BAR,0,,Sa,,Olmo,BAR,0,,,5,Cabrera,ESP,0,,Lu,,Guler,RM,0,,,,,,,,,,,,,,,,,,,,,,,,,,,,,,
6,Ruibal,BET,0,,Vi,,Fermin L,BAR,1,,,6,Muheim,HMB,0,,Sa,,Anguissa,NAP,0,,,,,,,,,,,,,,,,,,,,,,,,,,,,,,
7,Beste,FRE,0,,Du,,A Adams,SEV,0,,,7,Rrahmani,NAP,0,,Vi,,Mbappe,RM,0,,,,,,,,,,,,,,,,,,,,,,,,,,,,,,
MIJLOCASI,,,,,#N/A,,Tabakovic,MNG,0,,,MIJLOCASI,,,,,#N/A,,Kramaric,HOF,0,,,,,,,,,,,,,,,,,,,,,,,,,,,,,,
8,Olmo,BAR,0,,Sa,,L Diaz,BM,0,,,8,De Bruyne,NAP,1,,Vi,,Barcola,PSG,0,,,,,,,,,,,,,,,,,,,,,,,,,,,,,,
9,Amiri,MAI,0,,Sa,PUNCTE,56,scor,1,0,,9,Uzun,FRA,0,,Sa,PUNCTE,65,scor,1,2,,,,,,,,,,,,,,,,,,,,,,,,,,,,,
10,E Fernandez,CHE,0,NU,Ma,,formula,343,,,,10,Guler,RM,0,,Vi,,formula,343,,,,,,,,,,,,,,,,,,,,,,,,,,,,,,,
11,Zielinski,INT,0,,#REF!,,,,,,,11,H Traore,OM,0,,Du,,,,,,,,,,,,,,,,,,,,,,,,,,,,,,,,,,
12,Fermin L,BAR,1,,Sa,,,,,,,12,Anguissa,NAP,0,,Vi,,,,,,,,,,,,,,,,,,,,,,,,,,,,,,,,,,
13,Karabec,LYO,0,,Sa,,,,,,,13,Nwaneri,OM,0,,Du,,,,,,,,,,,,,,,,,,,,,,,,,,,,,,,,,,
14,El Mala,KOL,0,,Sa,,,,,,,14,Promel,HOF,0,,Sa,,,,,,,,,,,,,,,,,,,,,,,,,,,,,,,,,,
ATACANTI,,,,,#N/A,,,,,,,ATACANTI,,,,,#N/A,,,,,,,,,,,,,,,,,,,,,,,,,,,,,,,,,,
15,L Diaz,BM,0,,Sa,,,,,,,15,Mbappe,RM,0,,Vi,,,,,,,,,,,,,,,,,,,,,,,,,,,,,,,,,,
16,Ekitike,LIV,0,,Sa,,,,,,,16,Barcola,PSG,0,,Sa,,,,,,,,,,,,,,,,,,,,,,,,,,,,,,,,,,
17,A Adams,SEV,0,,Du,,,,,,,17,Puado,ESP,0,,Lu,,,,,,,,,,,,,,,,,,,,,,,,,,,,,,,,,,
18,Tabakovic,MNG,0,,Sa,,,,,,,18,Scamacca,ATA,2,,Lu,,,,,,,,,,,,,,,,,,,,,,,,,,,,,,,,,,
19,S Larsen,CP,0,,Sa,,,,,,,19,B Johnson,CP,0,,Sa,,,,,,,,,,,,,,,,,,,,,,,,,,,,,,,,,,
20,Vlahovic,JUV,0,,Du,,,,,,,20,Kramaric,HOF,0,,Sa,,,,,,,,,,,,,,,,,,,,,,,,,,,,,,,,,,
,,,,,,,,,,,,,,,,,,,,,,,,,,,,,,,,,,,,,,,,,,,,,,,,,,,
,,,,,,,,,,,,,,,,,,,,,,,,,,,,,,,,,,,,,,,,,,,,,,,,,,,
METALU' BOB,,A BOBEICA,54,,3,,Etapa a 28-a,echipa,puncte,,,FC HUTU,,M HUTU,58,,3,,Etapa a 28-a,echipa,puncte,,,,,,,,,,,,,,,,,,,,,,,,,,,,,,
PORTARI,,,,,,,TOTTENHAM,TOT,,0,,PORTARI,,,,,,,MAN UTD,MU,,1,,,,,,,,,,,,,,,,,,,,,,,,,,,,,
1,LILLE,LIL,0,,Du,,Freeman,VIL,0,,,1,CELTA,CEL,2,,Du,,Guehi,MC,0,,,,,,,,,,,,,,,,,,,,,,,,,,,,,,
2,TOTTENHAM,TOT,0,,Sa,,Delprato,PAR,0,,,2,MAN UTD,MU,1,,Lu,,Bremer,JUV,0,,,,,,,,,,,,,,,,,,,,,,,,,,,,,,
FUNDASI,,,,,#N/A,,M Alonso,CEL,0,,,FUNDASI,,,,,#N/A,,Senesi,BOU,0,,,,,,,,,,,,,,,,,,,,,,,,,,,,,,
3,Freeman,VIL,0,,Du,,Grifo,FRE,0,,,3,Bremer,JUV,0,,Du,,Szoboszlai,LIV,0,,,,,,,,,,,,,,,,,,,,,,,,,,,,,,
4,Delprato,PAR,0,,Sa,,Claude-Maurice,AUG,0,,,4,Huijsen,RM,0,,Vi,,H Barnes,NEW,0,,,,,,,,,,,,,,,,,,,,,,,,,,,,,,
5,L Vazquez,BL,0,,Sa,,Cherki,MC,0,,,5,Milenkovic,NOT,0,,Vi,,B Fernandes,MU,0,,,,,,,,,,,,,,,,,,,,,,,,,,,,,,
6,Dorgu,MU,0,,Lu,,Soucek,WH,1,,,6,Guehi,MC,0,DA,Mi,,McTomminay,NAP,1,,,,,,,,,,,,,,,,,,,,,,,,,,,,,,
7,M Alonso,CEL,0,,Du,,C Hernandez,BET,0,,,7,Senesi,BOU,0,DA,Mi,,Sesko,MU,1,,,,,,,,,,,,,,,,,,,,,,,,,,,,,,
MIJLOCASI,,,,,#N/A,,Sorloth,AM,2,,,MIJLOCASI,,,,,#N/A,,Summerville,WH,0,,,,,,,,,,,,,,,,,,,,,,,,,,,,,,
8,Grifo,FRE,0,,Du,,Diomande,LPZ,0,,,8,McTomminay,NAP,1,,Vi,,Vinicius Jr,RM,1,,,,,,,,,,,,,,,,,,,,,,,,,,,,,,
9,Cherki,MC,0,DA,Mi,PUNCTE,51,scor,3,0,,9,B Fernandes,MU,0,,Lu,PUNCTE,55,scor,3,1,,,,,,,,,,,,,,,,,,,,,,,,,,,,,
10,Soucek,WH,1,,Sa,,formula,343,,,,10,Fornals,BET,0,,Vi,,formula,343,,,,,,,,,,,,,,,,,,,,,,,,,,,,,,,
11,Grealish,EVE,0,,Sa,,,,,,,11,H Barnes,NEW,0,,Sa,,,,,,,,,,,,,,,,,,,,,,,,,,,,,,,,,,
12,Claude-Maurice,AUG,0,,Sa,,,,,,,12,Szoboszlai,LIV,0,,Sa,,,,,,,,,,,,,,,,,,,,,,,,,,,,,,,,,,
13,Valverde,RM,0,,Vi,,,,,,,13,MacAllister,LIV,0,,Sa,,,,,,,,,,,,,,,,,,,,,,,,,,,,,,,,,,
14,Pogba,MON,0,,Sa,,,,,,,14,D Rice,ARS,0,,Sa,,,,,,,,,,,,,,,,,,,,,,,,,,,,,,,,,,
ATACANTI,,,,,#N/A,,,,,,,ATACANTI,,,,,#N/A,,,,,,,,,,,,,,,,,,,,,,,,,,,,,,,,,,
15,Gyokeres,ARS,0,,Sa,,,,,,,15,H Kane,BM,1,,Sa,,,,,,,,,,,,,,,,,,,,,,,,,,,,,,,,,,
16,Sorloth,AM,2,,Sa,,,,,,,16,Vinicius Jr,RM,1,,Vi,,,,,,,,,,,,,,,,,,,,,,,,,,,,,,,,,,
17,Diomande,LPZ,0,,Vi,,,,,,,17,Saka,ARS,0,,Sa,,,,,,,,,,,,,,,,,,,,,,,,,,,,,,,,,,
18,Panichelli,STR,0,,Du,,,,,,,18,Summerville,WH,0,,Sa,,,,,,,,,,,,,,,,,,,,,,,,,,,,,,,,,,
19,C Hernandez,BET,0,,Vi,,,,,,,19,Sesko,MU,1,,Lu,,,,,,,,,,,,,,,,,,,,,,,,,,,,,,,,,,
20,Lookman,AM,0,,Sa,,,,,,,20,Ndiaye,EVE,0,,Sa,,,,,,,,,,,,,,,,,,,,,,,,,,,,,,,,,,
,,,,,,,,,,,,,,,,,,,,,,,,,,,,,,,,,,,,,,,,,,,,,,,,,,,
,,,,,,,,5n,,,,,,,,,,,,,,,,,,,,,,,,,,,,,,,,,,,,,,,,,,,
IONEL MESSI,,B CHIRILA,78,,3,,Etapa a 28-a,echipa,puncte,,,JUVERPOOL,,G DINCA,58,,1,,Etapa a 28-a,echipa,puncte,,,,,,,,,,,,,,,,,,,,,,,,,,,,,,
PORTARI,,,,,,,NAPOLI,NAP,,0,,PORTARI,,,,,,,INTER M,INT,,2,,,,,,,,,,,,,,,,,,,,,,,,,,,,,
1,NAPOLI,NAP,0,,Vi,,Baku,LPZ,2,,,1,INTER M,INT,2,,Du,,Dumfries,INT,0,,,,,,,,,,,,,,,,,,,,,,,,,,,,,,
2,COMO,COM,0,,Du,,Dimarco,INT,0,,,2,AC MILAN,MIL,0,,Du,,TA Arnold,RM,0,,,,,,,,,,,,,,,,,,,,,,,,,,,,,,
FUNDASI,,,,,#N/A,,Guerreiro,BM,0,,,FUNDASI,,,,,#N/A,,Cresswell,TOU,0,,,,,,,,,,,,,,,,,,,,,,,,,,,,,,
3,Dimarco,INT,0,,Du,,Nusa,LPZ,0,,,3,Dumfries,INT,0,,Du,,Arambarri,GET,0,,,,,,,,,,,,,,,,,,,,,,,,,,,,,,
4,Guerreiro,BM,0,,Sa,,Baturina,COM,0,,,4,Kristensen,FRA,0,,Sa,,Wissa,NEW,0,,,,,,,,,,,,,,,,,,,,,,,,,,,,,,
5,Baku,LPZ,2,,Vi,,Akliouche,MON,0,,,5,TA Arnold,RM,0,,Vi,,Isco,BET,0,,,,,,,,,,,,,,,,,,,,,,,,,,,,,,
6,Vojvoda,COM,0,,Du,,Baumgartner,LPZ,0,,,6,Cresswell,TOU,0,,Sa,,Kebbal,PRS,0,,,,,,,,,,,,,,,,,,,,,,,,,,,,,,
7,Lejeune,VLC,0,,Du,,Cunha,MU,0,,,7,Vuskovic,HMB,0,,Sa,,Guirassy,DOR,1,,,,,,,,,,,,,,,,,,,,,,,,,,,,,,
MIJLOCASI,,,,,#N/A,,Hojlund,NAP,0,,,MIJLOCASI,,,,,#N/A,,Malen,ROM,1,,,,,,,,,,,,,,,,,,,,,,,,,,,,,,
8,Akliouche,MON,0,,Sa,,Greenwood,OM,0,,,8,Wissa,NEW,0,,Sa,,Amoura,WOL,0,,,,,,,,,,,,,,,,,,,,,,,,,,,,,,
9,Foden,MC,0,NU,Mi,PUNCTE,75,scor,2,0,,9,Kebbal,PRS,0,,Du,PUNCTE,57,scor,2,2,,,,,,,,,,,,,,,,,,,,,,,,,,,,,
10,Moleiro,VIL,0,,Du,,formula,343,,,,10,Arambarri,GET,0,,Sa,,formula,343,,,,,,,,,,,,,,,,,,,,,,,,,,,,,,,
11,Karl,BM,0,,Sa,,,,,,,11,Sulc,LYO,0,,Sa,,,,,,,,,,,,,,,,,,,,,,,,,,,,,,,,,,
12,Baturina,COM,0,,Du,,,,,,,12,Isco,BET,0,,Vi,,,,,,,,,,,,,,,,,,,,,,,,,,,,,,,,,,
13,Baumgartner,LPZ,0,,Vi,,,,,,,13,Brugue,LEV,0,,Lu,,,,,,,,,,,,,,,,,,,,,,,,,,,,,,,,,,
14,Nusa,LPZ,0,,Vi,,,,,,,14,Doumbia,BRE,0,,Vi,,,,,,,,,,,,,,,,,,,,,,,,,,,,,,,,,,
ATACANTI,,,,,#N/A,,,,,,,ATACANTI,,,,,#N/A,,,,,,,,,,,,,,,,,,,,,,,,,,,,,,,,,,
15,L Martinez,INT,0,,Du,,,,,,,15,Guirassy,DOR,1,,Du,,,,,,,,,,,,,,,,,,,,,,,,,,,,,,,,,,
16,Greenwood,OM,0,,Du,,,,,,,16,Malen,ROM,1,,Sa,,,,,,,,,,,,,,,,,,,,,,,,,,,,,,,,,,
17,Demirovic,STU,1,,Du,,,,,,,17,Amoura,WOL,0,,Sa,,,,,,,,,,,,,,,,,,,,,,,,,,,,,,,,,,
18,Castellanos,WH,0,,Sa,,,,,,,18,Gnabry,BM,0,,Sa,,,,,,,,,,,,,,,,,,,,,,,,,,,,,,,,,,
19,Cunha,MU,0,,Lu,,,,,,,19,Lukaku,NAP,0,,Vi,,,,,,,,,,,,,,,,,,,,,,,,,,,,,,,,,,
20,Hojlund,NAP,0,,Vi,,,,,,,20,Vanat,GIR,0,,Sa,,,,,,,,,,,,,,,,,,,,,,,,,,,,,,,,,,
,,,,,,,,,,,,,,,,,,,,,,,,,,,,,,,,,,,,,,,,,,,,,,,,,,,
,,,,,,,,,,,,,,,,,,,,,,,,,,,,,,,,,,,,,,,,,,,,,,,,,,,
"TEI, CARTIER DE TREI LEI",,I ALEXANDRU,42,,0,,Etapa a 28-a,echipa,,,,PAVEL NEDVED,,D ROSU,52,,1,,Etapa a 28-a,echipa,puncte,,,,,,,,,,,,,,,,,,,,,,,,,,,,,,
PORTARI,,,,,,,BAYERN M,BM,,3,,PORTARI,,,,,,,BILBAO,BIL,,3,,,,,,,,,,,,,,,,,,,,,,,,,,,,,
1,BAYERN M,BM,3,,Sa,,Diakite,BOU,0,,,1,BILBAO,BIL,3,,Sa,,Timber,ARS,0,,,,,,,,,,,,,,,,,,,,,,,,,,,,,,
2,LEIPZIG,LPZ,1,,Vi,,Hakimi,PSG,0,,,2,TOULOUSE,TOU,2,,Sa,,Romero,TOT,0,,,,,,,,,,,,,,,,,,,,,,,,,,,,,,
FUNDASI,,,,,#N/A,,Gabriel,ARS,0,,,FUNDASI,,,,,#N/A,,Van de Ven,TOT,0,,,,,,,,,,,,,,,,,,,,,,,,,,,,,,
3,Hakimi,PSG,0,,Sa,,X Simons,TOT,0,,,3,Schar,NEW,0,,Sa,,B Guimaraes,NEW,0,,,,,,,,,,,,,,,,,,,,,,,,,,,,,,
4,Gabriel,ARS,0,,Sa,,Kaminski,KOL,0,,,4,Romero,TOT,0,,Sa,,M Rogers,AV,0,,,,,,,,,,,,,,,,,,,,,,,,,,,,,,
5,Diakite,BOU,0,DA,Mi,,Tavernier,BOU,0,,,5,Van de Ven,TOT,0,,Sa,,Eze,ARS,1,,,,,,,,,,,,,,,,,,,,,,,,,,,,,,
6,Zehnter,WOL,0,,Sa,,Mandragora,FIO,0,,,6,Timber,ARS,0,,Sa,,Calhanoglu,INT,0,,,,,,,,,,,,,,,,,,,,,,,,,,,,,,
7,Estupinan,MIL,0,,Du,,Soule,ROM,0,,,7,Savona,NOT,0,,Vi,,Burkardt,FRA,0,,,,,,,,,,,,,,,,,,,,,,,,,,,,,,
MIJLOCASI,,,,,#N/A,,Bowen,WH,0,,,MIJLOCASI,,,,,#N/A,,Romulo,LPZ,1,,,,,,,,,,,,,,,,,,,,,,,,,,,,,,
8,X Simons,TOT,0,,Sa,,Undav,STU,0,,,8,Olise,BM,1,,Sa,,Lepaul,REN,1,,,,,,,,,,,,,,,,,,,,,,,,,,,,,,
9,Minamino,MON,0,,Sa,PUNCTE,42,scor,0,3,,9,Eze,ARS,1,,Sa,PUNCTE,51,scor,3,3,,,,,,,,,,,,,,,,,,,,,,,,,,,,,
10,Kaminski,KOL,0,,Sa,,formula,343,,,,10,Calhanoglu,INT,0,,Du,,formula,343,,,,,,,,,,,,,,,,,,,,,,,,,,,,,,,
11,Casemiro,MU,1,,Lu,,,,,,,11,B Guimaraes,NEW,0,,Sa,,,,,,,,,,,,,,,,,,,,,,,,,,,,,,,,,,
12,Tavernier,BOU,0,DA,Mi,,,,,,,12,Modric,MIL,0,,Du,,,,,,,,,,,,,,,,,,,,,,,,,,,,,,,,,,
13,Zhegrova,JUV,0,,Du,,,,,,,13,Pasalic,ATA,0,,Lu,,,,,,,,,,,,,,,,,,,,,,,,,,,,,,,,,,
14,Mandragora,FIO,0,,Du,,,,,,,14,M Rogers,AV,0,,Sa,,,,,,,,,,,,,,,,,,,,,,,,,,,,,,,,,,
ATACANTI,,,,,#N/A,,,,,,,ATACANTI,,,,,#N/A,,,,,,,,,,,,,,,,,,,,,,,,,,,,,,,,,,
15,Isak,LIV,1,,Sa,,,,,,,15,Emegha,STR,0,,Du,,,,,,,,,,,,,,,,,,,,,,,,,,,,,,,,,,
16,Bowen,WH,0,,Sa,,,,,,,16,Burkardt,FRA,0,,Sa,,,,,,,,,,,,,,,,,,,,,,,,,,,,,,,,,,
17,Soule,ROM,0,,Sa,,,,,,,17,Romulo,LPZ,1,,Vi,,,,,,,,,,,,,,,,,,,,,,,,,,,,,,,,,,
18,T Barry,EVE,0,,Sa,,,,,,,18,Lepaul,REN,1,,Du,,,,,,,,,,,,,,,,,,,,,,,,,,,,,,,,,,
19,I Sarr,CP,0,,Sa,,,,,,,19,W Said,LEN,0,,Vi,,,,,,,,,,,,,,,,,,,,,,,,,,,,,,,,,,
20,Undav,STU,0,,Du,,,,,,,20,R Leao,MIL,0,,Du,,,,,,,,,,,,,,,,,,,,,,,,,,,,,,,,,,
,,,,,,,,,,,,,,,,,,,,,,,,,,,,,,,,,,,,,,,,,,,,,,,,,,,
,,,,,,,,,,,,,,,,,,,,,,,,,,,,,,,,,,,,,,,,,,,,,,,,,,,
FC ROMANIA,,ROM,#N/A,,#N/A,,Etapa a 1-a,,puncte,,,,,,,,,,,,,,,,,,,,,,,,,,,,,,,,,,,,,,,,,,
PORTARI,,,,,,,,,,#N/A,,,,,,,,,,,,,,,,,,,,,,,,,,,,,,,,,,,,,,,,,
1,I Radu,CEL,,,,,,,#N/A,,,,,,,,,,,,,,,,,,,,,,,,,,,,,,,,,,,,,,,,,,
2,M Popa,TOR,,,,,,,#N/A,,,,,,,,,,,,,,,,,,,,,,,,,,,,,,,,,,,,,,,,,,
FUNDASI,,,,,,,,,#N/A,,,,,,,,,,,,,,,,,,,,,,,,,,,,,,,,,,,,,,,,,,
3,Dragusin,TOT,,,,,,,#N/A,,,,,,,,,,,,,,,,,,,,,,,,,,,,,,,,,,,,,,,,,,
4,Ratiu,VLC,,,,,,,#N/A,,,,,,,,,,,,,,,,,,,,,,,,,,,,,,,,,,,,,,,,,,
5,Akdag,TOU,,,,,,,#N/A,,,,,,,,,,,,,,,,,,,,,,,,,,,,,,,,,,,,,,,,,,
6,,,,,,,,,#N/A,,,,,,,,,,,,,,,,,,,,,,,,,,,,,,,,,,,,,,,,,,
7,,,,,,,,,#N/A,,,,,,,,,,,,,,,,,,,,,,,,,,,,,,,,,,,,,,,,,,
MIJLOCASI,,,,,,,,,#N/A,,,,,,,,,,,,,,,,,,,,,,,,,,,,,,,,,,,,,,,,,,
8,M Marin,PIS,,,,,,,#N/A,,,,,,,,,,,,,,,,,,,,,,,,,,,,,,,,,,,,,,,,,,
9,Stanciu,GEN,,,,PUNCTE,0,scor,#N/A,#N/A,,,,,,,,,,,,,,,,,,,,,,,,,,,,,,,,,,,,,,,,,
10,Boloca,SAS,,,,,formula,343,,,,,,,,,,,,,,,,,,,,,,,,,,,,,,,,,,,,,,,,,,,
11,,,,,,,,,,,,,,,,,,,,,,,,,,,,,,,,,,,,,,,,,,,,,,,,,,,
12,,,,,,,,,,,,,,,,,,,,,,,,,,,,,,,,,,,,,,,,,,,,,,,,,,,
13,,,,,,,,,,,,,,,,,,,,,,,,,,,,,,,,,,,,,,,,,,,,,,,,,,,
14,,,,,,,,,,,,,,,,,,,,,,,,,,,,,,,,,,,,,,,,,,,,,,,,,,,
ATACANTI,,,,,,,,,,,,,,,,,,,,,,,,,,,,,,,,,,,,,,,,,,,,,,,,,,,
15,,,,,,,,,,,,,,,,,,,,,,,,,,,,,,,,,,,,,,,,,,,,,,,,,,,
16,,,,,,,,,,,,,,,,,,,,,,,,,,,,,,,,,,,,,,,,,,,,,,,,,,,
17,,,,,,,,,,,,,,,,,,,,,,,,,,,,,,,,,,,,,,,,,,,,,,,,,,,
18,,,,,,,,,,,,,,,,,,,,,,,,,,,,,,,,,,,,,,,,,,,,,,,,,,,
19,,,,,,,,,,,,,,,,,,,,,,,,,,,,,,,,,,,,,,,,,,,,,,,,,,,
20,,,,,,,,,,,,,,,,,,,,,,,,,,,,,,,,,,,,,,,,,,,,,,,,,,,